[
  {
    "url": "https://vgls.live.vsports.cloud/vfl/feeds/?/scigamingscigamingcdn/zh/Europe:Berlin/gismo/settlements",
    "status": 200,
    "content_type": "application/json; charset=UTF-8",
    "method": "discovery"
  },
  {
    "url": "https://vgls.live.vsports.cloud/vfl/feeds/?/scigamingscigamingcdn/zh/Europe:Berlin/gismo/results",
    "status": 200,
    "content_type": "application/json; charset=UTF-8",
    "method": "discovery"
  },
  {
    "url": "https://vgls.live.vsports.cloud/vfl/feeds/?/scigamingscigamingcdn/zh/Europe:Berlin/gismo/outcomes",
    "status": 200,
    "content_type": "application/json; charset=UTF-8",
    "method": "discovery"
  },
  {
    "url": "https://vgls.live.vsports.cloud/vfl/feeds/?/scigamingscigamingcdn/zh/Europe:Berlin/gismo/resolved",
    "status": 200,
    "content_type": "application/json; charset=UTF-8",
    "method": "discovery"
  },
  {
    "url": "https://vgls.live.vsports.cloud/vfl/feeds/?/scigamingscigamingcdn/zh/Europe:Berlin/gismo/simulation",
    "status": 200,
    "content_type": "application/json; charset=UTF-8",
    "method": "discovery"
  },
  {
    "url": "https://vgls.live.vsports.cloud/vfl/feeds/?/scigamingscigamingcdn/zh/Europe:Berlin/gismo/generated",
    "status": 200,
    "content_type": "application/json; charset=UTF-8",
    "method": "discovery"
  },
  {
    "url": "https://vgls.live.vsports.cloud/vfl/feeds/?/scigamingscigamingcdn/zh/Europe:Berlin/gismo/pregenerated",
    "status": 200,
    "content_type": "application/json; charset=UTF-8",
    "method": "discovery"
  },
  {
    "url": "https://vgls.live.vsports.cloud/vfl/feeds/?/scigamingscigamingcdn/zh/Europe:Berlin/gismo/predictions",
    "status": 200,
    "content_type": "application/json; charset=UTF-8",
    "method": "discovery"
  },
  {
    "url": "https://vgls.live.vsports.cloud/vfl/feeds/?/scigamingscigamingcdn/zh/Europe:Berlin/gismo/probabilities",
    "status": 200,
    "content_type": "application/json; charset=UTF-8",
    "method": "discovery"
  },
  {
    "url": "https://vgls.live.vsports.cloud/vfl/feeds/?/scigamingscigamingcdn/zh/Europe:Berlin/gismo/calculator",
    "status": 200,
    "content_type": "application/json; charset=UTF-8",
    "method": "discovery"
  },
  {
    "url": "https://vgls.live.vsports.cloud/vfl/feeds/?/scigamingscigamingcdn/zh/Europe:Berlin/gismo/fixture_results",
    "status": 200,
    "content_type": "application/json; charset=UTF-8",
    "method": "discovery"
  },
  {
    "url": "https://vgls.live.vsports.cloud/vfl/feeds/?/scigamingscigamingcdn/zh/Europe:Berlin/gismo/match_outcomes",
    "status": 200,
    "content_type": "application/json; charset=UTF-8",
    "method": "discovery"
  },
  {
    "url": "https://vgls.live.vsports.cloud/vfl/feeds/?/scigamingscigamingcdn/zh/Europe:Berlin/gismo/event_settlements",
    "status": 200,
    "content_type": "application/json; charset=UTF-8",
    "method": "discovery"
  },
  {
    "url": "https://vgls.live.vsports.cloud/vfl/feeds/?/scigamingscigamingcdn/zh/Europe:Berlin/gismo/admin",
    "status": 200,
    "content_type": "application/json; charset=UTF-8",
    "method": "discovery"
  },
  {
    "url": "https://vgls.live.vsports.cloud/vfl/feeds/?/scigamingscigamingcdn/zh/Europe:Berlin/gismo/internal",
    "status": 200,
    "content_type": "application/json; charset=UTF-8",
    "method": "discovery"
  },
  {
    "url": "https://vgls.live.vsports.cloud/vfl/feeds/?/scigamingscigamingcdn/zh/Europe:Berlin/gismo/debug",
    "status": 200,
    "content_type": "application/json; charset=UTF-8",
    "method": "discovery"
  },
  {
    "url": "https://vgls.live.vsports.cloud/vfl/feeds/?/scigamingscigamingcdn/zh/Europe:Berlin/gismo/config",
    "status": 200,
    "content_type": "application/json; charset=UTF-8",
    "method": "discovery"
  },
  {
    "url": "https://vgls.live.vsports.cloud/vfl/feeds/?/scigamingscigamingcdn/zh/Europe:Berlin/gismo/metadata",
    "status": 200,
    "content_type": "application/json; charset=UTF-8",
    "method": "discovery"
  },
  {
    "url": "https://vgls.live.vsports.cloud/vfl/feeds/?/scigamingscigamingcdn/zh/Europe:Berlin/gismo/manifest",
    "status": 200,
    "content_type": "application/json; charset=UTF-8",
    "method": "discovery"
  },
  {
    "url": "https://vgls.live.vsports.cloud/vfl/feeds/?/scigamingscigamingcdn/zh/Europe:Berlin/gismo/schedule",
    "status": 200,
    "content_type": "application/json; charset=UTF-8",
    "method": "discovery"
  },
  {
    "url": "https://vgls.live.vsports.cloud/vfl/feeds/?/scigamingscigamingcdn/zh/Europe:Berlin/gismo/timeline",
    "status": 200,
    "content_type": "application/json; charset=UTF-8",
    "method": "discovery"
  },
  {
    "url": "https://vgls.live.vsports.cloud/vfl/feeds/?/scigamingscigamingcdn/zh/Europe:Berlin/gismo/history",
    "status": 200,
    "content_type": "application/json; charset=UTF-8",
    "method": "discovery"
  },
  {
    "url": "https://vgls.live.vsports.cloud/vfl/feeds/?/scigamingscigamingcdn/zh/Europe:Berlin/gismo/archive",
    "status": 200,
    "content_type": "application/json; charset=UTF-8",
    "method": "discovery"
  },
  {
    "url": "https://vgls.live.vsports.cloud/vfl/feeds/?/scigamingscigamingcdn/zh/Europe:Berlin/gismo/export",
    "status": 200,
    "content_type": "application/json; charset=UTF-8",
    "method": "discovery"
  },
  {
    "url": "https://vgls.live.vsports.cloud/vfl/feeds/?/scigamingscigamingcdn/zh/Europe:Berlin/gismo/dump",
    "status": 200,
    "content_type": "application/json; charset=UTF-8",
    "method": "discovery"
  }
]