[
  {
    "match_id": 1390728672,
    "data": {
      "queryUrl": "match_timeline/1390728672",
      "doc": [
        {
          "event": "match_timeline",
          "_dob": 1761589467,
          "_maxage": 10,
          "data": {
            "match": {
              "_doc": "match",
              "_id": 1390728672,
              "_sid": 1,
              "_seasonid": 3015514,
              "_rcid": 1111,
              "_tid": 56369,
              "_utid": 14562,
              "_dt": {
                "_doc": "time",
                "time": "19:24",
                "date": "27/10/25",
                "tz": "CET",
                "tzoffset": 3600,
                "uts": 1761589457
              },
              "round": 23,
              "roundname": {
                "_doc": "tableround",
                "_id": 23,
                "name": 23
              },
              "coverage": {
                "lineup": 0,
                "formations": 0,
                "livetable": 0,
                "injuries": 0,
                "ballspotting": false,
                "cornersonly": false,
                "multicast": false,
                "scoutmatch": 0,
                "scoutcoveragestatus": 0,
                "liveodds": true,
                "deepercoverage": false,
                "tacticallineup": false,
                "basiclineup": true,
                "hasstats": true,
                "inlivescore": true,
                "advantage": null,
                "tiebreak": null,
                "penaltyshootout": 0,
                "scouttest": null,
                "lmtsupport": 3,
                "venue": false,
                "matchdatacomplete": false,
                "mediacoverage": true,
                "substitutions": false
              },
              "result": {
                "home": null,
                "away": null,
                "winner": null
              },
              "periods": [],
              "updated_uts": 1761589457,
              "ended_uts": false,
              "p": "0",
              "ptime": false,
              "timeinfo": {
                "injurytime": null,
                "ended": null,
                "started": null,
                "played": null,
                "remaining": null,
                "running": false
              },
              "teams": {
                "home": {
                  "_doc": "team",
                  "_id": 8982007,
                  "_sid": 1,
                  "uid": 276507,
                  "name": "Liverpool",
                  "mediumname": "Liverpool",
                  "abbr": "LIV",
                  "nickname": null,
                  "iscountry": false,
                  "haslogo": true
                },
                "away": {
                  "_doc": "team",
                  "_id": 8982014,
                  "_sid": 1,
                  "uid": 276514,
                  "name": "Wolverhampton",
                  "mediumname": "Wolverhampton",
                  "abbr": "WOL",
                  "nickname": null,
                  "iscountry": false,
                  "haslogo": true
                }
              },
              "status": {
                "_doc": "status",
                "_id": 20,
                "name": "\u5df2\u5f00\u59cb"
              },
              "removed": false,
              "facts": false,
              "localderby": false,
              "matchstatus": "live",
              "postponed": false,
              "cancelled": false,
              "walkover": false,
              "hf": 0,
              "periodlength": 45,
              "numberofperiods": 2,
              "overtimelength": 15,
              "tobeannounced": false,
              "week": 0
            },
            "events": [
              {
                "_doc": "event",
                "_id": 9511886847,
                "_scoutid": null,
                "_sid": 1,
                "_rcid": 1111,
                "_tid": 56369,
                "_dc": false,
                "_typeid": "1024",
                "uts": 1761589447,
                "updated_uts": 1761589447,
                "type": "match_about_to_start",
                "matchid": 1390728672,
                "disabled": 0,
                "time": 1,
                "seconds": -1,
                "name": "\u6bd4\u8d5b\u5373\u5c06\u5f00\u59cb",
                "injurytime": 0,
                "team": ""
              },
              {
                "_doc": "event",
                "_id": 9511887069,
                "_scoutid": null,
                "_sid": 1,
                "_rcid": 1111,
                "_tid": 56369,
                "_dc": false,
                "_typeid": "10",
                "uts": 1761589457,
                "updated_uts": 1761589457,
                "type": "match_started",
                "matchid": 1390728672,
                "disabled": 0,
                "time": 1,
                "seconds": -1,
                "name": "\u5df2\u5f00\u59cb",
                "injurytime": 0,
                "team": "",
                "status": {
                  "_doc": "status",
                  "_id": 20,
                  "name": "\u5df2\u5f00\u59cb"
                },
                "result": {
                  "home": 0,
                  "away": 0
                }
              }
            ]
          }
        }
      ]
    }
  },
  {
    "match_id": 1390728680,
    "data": {
      "queryUrl": "match_timeline/1390728680",
      "doc": [
        {
          "event": "match_timeline",
          "_dob": 1761589468,
          "_maxage": 10,
          "data": {
            "match": {
              "_doc": "match",
              "_id": 1390728680,
              "_sid": 1,
              "_seasonid": 3015514,
              "_rcid": 1111,
              "_tid": 56369,
              "_utid": 14562,
              "_dt": {
                "_doc": "time",
                "time": "19:31",
                "date": "27/10/25",
                "tz": "CET",
                "tzoffset": 3600,
                "uts": 1761589897
              },
              "round": 24,
              "roundname": {
                "_doc": "tableround",
                "_id": 24,
                "name": 24
              },
              "coverage": {
                "lineup": 0,
                "formations": 0,
                "livetable": 0,
                "injuries": 0,
                "ballspotting": false,
                "cornersonly": false,
                "multicast": false,
                "scoutmatch": 0,
                "scoutcoveragestatus": 0,
                "liveodds": true,
                "deepercoverage": false,
                "tacticallineup": false,
                "basiclineup": true,
                "hasstats": true,
                "inlivescore": true,
                "advantage": null,
                "tiebreak": null,
                "penaltyshootout": 0,
                "scouttest": null,
                "lmtsupport": 3,
                "venue": false,
                "matchdatacomplete": false,
                "mediacoverage": true,
                "substitutions": false
              },
              "result": {
                "home": null,
                "away": null,
                "winner": null
              },
              "periods": [],
              "updated_uts": false,
              "ended_uts": false,
              "p": "0",
              "ptime": false,
              "timeinfo": {
                "injurytime": null,
                "ended": null,
                "started": null,
                "played": null,
                "remaining": null,
                "running": false
              },
              "teams": {
                "home": {
                  "_doc": "team",
                  "_id": 8982005,
                  "_sid": 1,
                  "uid": 276505,
                  "name": "Tottenham",
                  "mediumname": "Tottenham",
                  "abbr": "TOT",
                  "nickname": null,
                  "iscountry": false,
                  "haslogo": true
                },
                "away": {
                  "_doc": "team",
                  "_id": 8982004,
                  "_sid": 1,
                  "uid": 276504,
                  "name": "Aston Oroszl\u00e1n",
                  "mediumname": "Aston Oroszl\u00e1n",
                  "abbr": "ASO",
                  "nickname": null,
                  "iscountry": false,
                  "haslogo": true
                }
              },
              "status": {
                "_doc": "status",
                "_id": 0,
                "name": "\u672a\u5f00\u59cb"
              },
              "removed": false,
              "facts": false,
              "localderby": false,
              "matchstatus": "upcoming",
              "postponed": false,
              "cancelled": false,
              "walkover": false,
              "hf": 0,
              "periodlength": 45,
              "numberofperiods": 2,
              "overtimelength": 15,
              "tobeannounced": false,
              "week": 0
            },
            "events": []
          }
        }
      ]
    }
  },
  {
    "match_id": 1390728688,
    "data": {
      "queryUrl": "match_timeline/1390728688",
      "doc": [
        {
          "event": "match_timeline",
          "_dob": 1761589468,
          "_maxage": 10,
          "data": {
            "match": {
              "_doc": "match",
              "_id": 1390728688,
              "_sid": 1,
              "_seasonid": 3015514,
              "_rcid": 1111,
              "_tid": 56369,
              "_utid": 14562,
              "_dt": {
                "_doc": "time",
                "time": "19:38",
                "date": "27/10/25",
                "tz": "CET",
                "tzoffset": 3600,
                "uts": 1761590337
              },
              "round": 25,
              "roundname": {
                "_doc": "tableround",
                "_id": 25,
                "name": 25
              },
              "coverage": {
                "lineup": 0,
                "formations": 0,
                "livetable": 0,
                "injuries": 0,
                "ballspotting": false,
                "cornersonly": false,
                "multicast": false,
                "scoutmatch": 0,
                "scoutcoveragestatus": 0,
                "liveodds": true,
                "deepercoverage": false,
                "tacticallineup": false,
                "basiclineup": true,
                "hasstats": true,
                "inlivescore": true,
                "advantage": null,
                "tiebreak": null,
                "penaltyshootout": 0,
                "scouttest": null,
                "lmtsupport": 3,
                "venue": false,
                "matchdatacomplete": false,
                "mediacoverage": true,
                "substitutions": false
              },
              "result": {
                "home": null,
                "away": null,
                "winner": null
              },
              "periods": [],
              "updated_uts": false,
              "ended_uts": false,
              "p": "0",
              "ptime": false,
              "timeinfo": {
                "injurytime": null,
                "ended": null,
                "started": null,
                "played": null,
                "remaining": null,
                "running": false
              },
              "teams": {
                "home": {
                  "_doc": "team",
                  "_id": 8982009,
                  "_sid": 1,
                  "uid": 276509,
                  "name": "Crystal Palace",
                  "mediumname": "Crystal Palace",
                  "abbr": "CRY",
                  "nickname": null,
                  "iscountry": false,
                  "haslogo": true
                },
                "away": {
                  "_doc": "team",
                  "_id": 8982007,
                  "_sid": 1,
                  "uid": 276507,
                  "name": "Liverpool",
                  "mediumname": "Liverpool",
                  "abbr": "LIV",
                  "nickname": null,
                  "iscountry": false,
                  "haslogo": true
                }
              },
              "status": {
                "_doc": "status",
                "_id": 0,
                "name": "\u672a\u5f00\u59cb"
              },
              "removed": false,
              "facts": false,
              "localderby": false,
              "matchstatus": "upcoming",
              "postponed": false,
              "cancelled": false,
              "walkover": false,
              "hf": 0,
              "periodlength": 45,
              "numberofperiods": 2,
              "overtimelength": 15,
              "tobeannounced": false,
              "week": 0
            },
            "events": []
          }
        }
      ]
    }
  },
  {
    "match_id": 1390728673,
    "data": {
      "queryUrl": "match_timeline/1390728673",
      "doc": [
        {
          "event": "match_timeline",
          "_dob": 1761589469,
          "_maxage": 10,
          "data": {
            "match": {
              "_doc": "match",
              "_id": 1390728673,
              "_sid": 1,
              "_seasonid": 3015514,
              "_rcid": 1111,
              "_tid": 56369,
              "_utid": 14562,
              "_dt": {
                "_doc": "time",
                "time": "19:24",
                "date": "27/10/25",
                "tz": "CET",
                "tzoffset": 3600,
                "uts": 1761589457
              },
              "round": 23,
              "roundname": {
                "_doc": "tableround",
                "_id": 23,
                "name": 23
              },
              "coverage": {
                "lineup": 0,
                "formations": 0,
                "livetable": 0,
                "injuries": 0,
                "ballspotting": false,
                "cornersonly": false,
                "multicast": false,
                "scoutmatch": 0,
                "scoutcoveragestatus": 0,
                "liveodds": true,
                "deepercoverage": false,
                "tacticallineup": false,
                "basiclineup": true,
                "hasstats": true,
                "inlivescore": true,
                "advantage": null,
                "tiebreak": null,
                "penaltyshootout": 0,
                "scouttest": null,
                "lmtsupport": 3,
                "venue": false,
                "matchdatacomplete": false,
                "mediacoverage": true,
                "substitutions": false
              },
              "result": {
                "home": null,
                "away": null,
                "winner": null
              },
              "periods": [],
              "updated_uts": 1761589457,
              "ended_uts": false,
              "p": "0",
              "ptime": false,
              "timeinfo": {
                "injurytime": null,
                "ended": null,
                "started": null,
                "played": null,
                "remaining": null,
                "running": false
              },
              "teams": {
                "home": {
                  "_doc": "team",
                  "_id": 8982013,
                  "_sid": 1,
                  "uid": 276513,
                  "name": "London \u00c1gy\u00fak",
                  "mediumname": "London \u00c1gy\u00fak",
                  "abbr": "LON",
                  "nickname": null,
                  "iscountry": false,
                  "haslogo": true
                },
                "away": {
                  "_doc": "team",
                  "_id": 8982002,
                  "_sid": 1,
                  "uid": 276502,
                  "name": "V\u00f6r\u00f6s \u00d6rd\u00f6g\u00f6k",
                  "mediumname": "V\u00f6r\u00f6s \u00d6rd\u00f6g\u00f6k",
                  "abbr": "VOR",
                  "nickname": null,
                  "iscountry": false,
                  "haslogo": true
                }
              },
              "status": {
                "_doc": "status",
                "_id": 20,
                "name": "\u5df2\u5f00\u59cb"
              },
              "removed": false,
              "facts": false,
              "localderby": false,
              "matchstatus": "live",
              "postponed": false,
              "cancelled": false,
              "walkover": false,
              "hf": 0,
              "periodlength": 45,
              "numberofperiods": 2,
              "overtimelength": 15,
              "tobeannounced": false,
              "week": 0
            },
            "events": [
              {
                "_doc": "event",
                "_id": 9511886848,
                "_scoutid": null,
                "_sid": 1,
                "_rcid": 1111,
                "_tid": 56369,
                "_dc": false,
                "_typeid": "1024",
                "uts": 1761589447,
                "updated_uts": 1761589447,
                "type": "match_about_to_start",
                "matchid": 1390728673,
                "disabled": 0,
                "time": 1,
                "seconds": -1,
                "name": "\u6bd4\u8d5b\u5373\u5c06\u5f00\u59cb",
                "injurytime": 0,
                "team": ""
              },
              {
                "_doc": "event",
                "_id": 9511887073,
                "_scoutid": null,
                "_sid": 1,
                "_rcid": 1111,
                "_tid": 56369,
                "_dc": false,
                "_typeid": "10",
                "uts": 1761589457,
                "updated_uts": 1761589457,
                "type": "match_started",
                "matchid": 1390728673,
                "disabled": 0,
                "time": 1,
                "seconds": -1,
                "name": "\u5df2\u5f00\u59cb",
                "injurytime": 0,
                "team": "",
                "status": {
                  "_doc": "status",
                  "_id": 20,
                  "name": "\u5df2\u5f00\u59cb"
                },
                "result": {
                  "home": 0,
                  "away": 0
                }
              }
            ]
          }
        }
      ]
    }
  },
  {
    "match_id": 1390728681,
    "data": {
      "queryUrl": "match_timeline/1390728681",
      "doc": [
        {
          "event": "match_timeline",
          "_dob": 1761589470,
          "_maxage": 10,
          "data": {
            "match": {
              "_doc": "match",
              "_id": 1390728681,
              "_sid": 1,
              "_seasonid": 3015514,
              "_rcid": 1111,
              "_tid": 56369,
              "_utid": 14562,
              "_dt": {
                "_doc": "time",
                "time": "19:31",
                "date": "27/10/25",
                "tz": "CET",
                "tzoffset": 3600,
                "uts": 1761589897
              },
              "round": 24,
              "roundname": {
                "_doc": "tableround",
                "_id": 24,
                "name": 24
              },
              "coverage": {
                "lineup": 0,
                "formations": 0,
                "livetable": 0,
                "injuries": 0,
                "ballspotting": false,
                "cornersonly": false,
                "multicast": false,
                "scoutmatch": 0,
                "scoutcoveragestatus": 0,
                "liveodds": true,
                "deepercoverage": false,
                "tacticallineup": false,
                "basiclineup": true,
                "hasstats": true,
                "inlivescore": true,
                "advantage": null,
                "tiebreak": null,
                "penaltyshootout": 0,
                "scouttest": null,
                "lmtsupport": 3,
                "venue": false,
                "matchdatacomplete": false,
                "mediacoverage": true,
                "substitutions": false
              },
              "result": {
                "home": null,
                "away": null,
                "winner": null
              },
              "periods": [],
              "updated_uts": false,
              "ended_uts": false,
              "p": "0",
              "ptime": false,
              "timeinfo": {
                "injurytime": null,
                "ended": null,
                "started": null,
                "played": null,
                "remaining": null,
                "running": false
              },
              "teams": {
                "home": {
                  "_doc": "team",
                  "_id": 8982002,
                  "_sid": 1,
                  "uid": 276502,
                  "name": "V\u00f6r\u00f6s \u00d6rd\u00f6g\u00f6k",
                  "mediumname": "V\u00f6r\u00f6s \u00d6rd\u00f6g\u00f6k",
                  "abbr": "VOR",
                  "nickname": null,
                  "iscountry": false,
                  "haslogo": true
                },
                "away": {
                  "_doc": "team",
                  "_id": 8982012,
                  "_sid": 1,
                  "uid": 276512,
                  "name": "Newcastle",
                  "mediumname": "Newcastle",
                  "abbr": "NEW",
                  "nickname": null,
                  "iscountry": false,
                  "haslogo": true
                }
              },
              "status": {
                "_doc": "status",
                "_id": 0,
                "name": "\u672a\u5f00\u59cb"
              },
              "removed": false,
              "facts": false,
              "localderby": false,
              "matchstatus": "upcoming",
              "postponed": false,
              "cancelled": false,
              "walkover": false,
              "hf": 0,
              "periodlength": 45,
              "numberofperiods": 2,
              "overtimelength": 15,
              "tobeannounced": false,
              "week": 0
            },
            "events": []
          }
        }
      ]
    }
  }
]