[
  {
    "api": "match_timeline",
    "url": "https://vgls.live.vsports.cloud/vfl/feeds/?/scigamingscigamingcdn/zh/Europe:Berlin/gismo/match_timeline/1390738454",
    "file": "MATCH_API_timeline_1390738454.json",
    "size": 17743
  },
  {
    "api": "match_events",
    "url": "https://vgls.live.vsports.cloud/vfl/feeds/?/scigamingscigamingcdn/zh/Europe:Berlin/gismo/match_events/1390738454",
    "file": "MATCH_API_events_1390738454.json",
    "size": 12814
  },
  {
    "api": "match_odds2",
    "url": "https://vgls.live.vsports.cloud/vfl/feeds/?/scigamingscigamingcdn/zh/Europe:Berlin/gismo/match_odds2/1390738454",
    "file": "MATCH_API_odds2_1390738454.json",
    "size": 46855
  }
]