{
  "next_competitions": [
    {
      "competition_id": 3015403,
      "continuous_counter": 21662,
      "competition_name": "21662",
      "start_datetime": 1761552827,
      "end_datetime": 1761566147,
      "group_count": 1,
      "clubs_per_group": 16,
      "groupphase_rematch": 1,
      "clubs_in_knockoutphase": null,
      "rematch_knockoutphase": null
    }
  ],
  "past_competitions": [
    {
      "competition_id": 3015344,
      "continuous_counter": 21661,
      "competition_name": "21661",
      "start_datetime": 1761539507,
      "end_datetime": 1761552827,
      "group_count": 1,
      "clubs_per_group": 16,
      "groupphase_rematch": 1,
      "clubs_in_knockoutphase": null,
      "rematch_knockoutphase": null,
      "server_datetime": 1761557051
    },
    {
      "competition_id": 3015288,
      "continuous_counter": 21660,
      "competition_name": "21660",
      "start_datetime": 1761526187,
      "end_datetime": 1761539507,
      "group_count": 1,
      "clubs_per_group": 16,
      "groupphase_rematch": 1,
      "clubs_in_knockoutphase": null,
      "rematch_knockoutphase": null,
      "server_datetime": 1761557051
    },
    {
      "competition_id": 3015230,
      "continuous_counter": 21659,
      "competition_name": "21659",
      "start_datetime": 1761512867,
      "end_datetime": 1761526187,
      "group_count": 1,
      "clubs_per_group": 16,
      "groupphase_rematch": 1,
      "clubs_in_knockoutphase": null,
      "rematch_knockoutphase": null,
      "server_datetime": 1761557051
    },
    {
      "competition_id": 3015175,
      "continuous_counter": 21658,
      "competition_name": "21658",
      "start_datetime": 1761499547,
      "end_datetime": 1761512867,
      "group_count": 1,
      "clubs_per_group": 16,
      "groupphase_rematch": 1,
      "clubs_in_knockoutphase": null,
      "rematch_knockoutphase": null,
      "server_datetime": 1761557051
    },
    {
      "competition_id": 3015121,
      "continuous_counter": 21657,
      "competition_name": "21657",
      "start_datetime": 1761486227,
      "end_datetime": 1761499547,
      "group_count": 1,
      "clubs_per_group": 16,
      "groupphase_rematch": 1,
      "clubs_in_knockoutphase": null,
      "rematch_knockoutphase": null,
      "server_datetime": 1761557051
    },
    {
      "competition_id": 3015064,
      "continuous_counter": 21656,
      "competition_name": "21656",
      "start_datetime": 1761472907,
      "end_datetime": 1761486227,
      "group_count": 1,
      "clubs_per_group": 16,
      "groupphase_rematch": 1,
      "clubs_in_knockoutphase": null,
      "rematch_knockoutphase": null,
      "server_datetime": 1761557051
    },
    {
      "competition_id": 3015006,
      "continuous_counter": 21655,
      "competition_name": "21655",
      "start_datetime": 1761459587,
      "end_datetime": 1761472907,
      "group_count": 1,
      "clubs_per_group": 16,
      "groupphase_rematch": 1,
      "clubs_in_knockoutphase": null,
      "rematch_knockoutphase": null,
      "server_datetime": 1761557051
    },
    {
      "competition_id": 3014948,
      "continuous_counter": 21654,
      "competition_name": "21654",
      "start_datetime": 1761446267,
      "end_datetime": 1761459587,
      "group_count": 1,
      "clubs_per_group": 16,
      "groupphase_rematch": 1,
      "clubs_in_knockoutphase": null,
      "rematch_knockoutphase": null,
      "server_datetime": 1761557051
    },
    {
      "competition_id": 3014892,
      "continuous_counter": 21653,
      "competition_name": "21653",
      "start_datetime": 1761432947,
      "end_datetime": 1761446267,
      "group_count": 1,
      "clubs_per_group": 16,
      "groupphase_rematch": 1,
      "clubs_in_knockoutphase": null,
      "rematch_knockoutphase": null,
      "server_datetime": 1761557051
    }
  ]
}