{
  "queryUrl": "vfl_event_fullfeed/3015403/13",
  "doc": [
    {
      "event": "event_fullfeed",
      "_dob": 1761558257,
      "_maxage": 10,
      "data": {
        "1": {
          "_doc": "sport",
          "_id": 1,
          "_sid": 1,
          "name": "足球",
          "realcategories": {
            "1111": {
              "_doc": "realcategory",
              "_id": 1111,
              "_sid": 1,
              "_rcid": 1111,
              "name": "虚拟足球",
              "cc": null,
              "tournaments": {
                "56369": {
                  "_doc": "tournament",
                  "_id": 56369,
                  "_sid": 1,
                  "_rcid": 1111,
                  "_isk": 1000,
                  "_tid": 56369,
                  "_utid": 14562,
                  "name": "虚拟足球联赛模式 零售",
                  "abbr": "VFLM",
                  "ground": null,
                  "friendly": false,
                  "seasonid": 3015403,
                  "currentseason": 3015403,
                  "year": "21662",
                  "seasontype": "21",
                  "seasontypename": "小组第一阶段",
                  "seasontypeunique": "6",
                  "livetable": 9384049,
                  "cuprosterid": null,
                  "roundbyround": true,
                  "tournamentlevelorder": null,
                  "tournamentlevelname": null,
                  "outdated": false,
                  "matches": {
                    "1390710646": {
                      "_doc": "match",
                      "_id": 1390710646,
                      "_sid": 1,
                      "_seasonid": 3015403,
                      "_rcid": 1111,
                      "_tid": 56369,
                      "_utid": 14562,
                      "_dt": {
                        "_doc": "time",
                        "time": "10:46",
                        "date": "27/10/25",
                        "tz": "CET",
                        "tzoffset": 3600,
                        "uts": 1761558417
                      },
                      "round": 13,
                      "roundname": {
                        "_doc": "tableround",
                        "_id": 13,
                        "name": 13
                      },
                      "coverage": {
                        "lineup": 0,
                        "formations": 0,
                        "livetable": 0,
                        "injuries": 0,
                        "ballspotting": false,
                        "cornersonly": false,
                        "multicast": false,
                        "scoutmatch": 0,
                        "scoutcoveragestatus": 0,
                        "liveodds": true,
                        "deepercoverage": false,
                        "tacticallineup": false,
                        "basiclineup": true,
                        "hasstats": true,
                        "inlivescore": true,
                        "advantage": null,
                        "tiebreak": null,
                        "penaltyshootout": 0,
                        "scouttest": null,
                        "lmtsupport": 3,
                        "venue": false,
                        "matchdatacomplete": false,
                        "mediacoverage": true,
                        "substitutions": false
                      },
                      "result": {
                        "home": null,
                        "away": null,
                        "winner": null
                      },
                      "periods": [],
                      "updated_uts": false,
                      "ended_uts": false,
                      "p": "0",
                      "ptime": false,
                      "timeinfo": {
                        "injurytime": null,
                        "ended": null,
                        "started": null,
                        "played": null,
                        "remaining": null,
                        "running": false
                      },
                      "teams": {
                        "home": {
                          "_doc": "team",
                          "_id": 8982016,
                          "_sid": 1,
                          "uid": 276516,
                          "name": "Nottingham",
                          "mediumname": "Nottingham",
                          "abbr": "NOT",
                          "nickname": null,
                          "iscountry": false,
                          "haslogo": true
                        },
                        "away": {
                          "_doc": "team",
                          "_id": 8982010,
                          "_sid": 1,
                          "uid": 276510,
                          "name": "Manchester Kék",
                          "mediumname": "Manchester Kék",
                          "abbr": "MAK",
                          "nickname": null,
                          "iscountry": false,
                          "haslogo": true
                        }
                      },
                      "status": {
                        "_doc": "status",
                        "_id": 0,
                        "name": "未开始"
                      },
                      "removed": false,
                      "facts": false,
                      "localderby": false,
                      "matchstatus": "upcoming",
                      "postponed": false,
                      "cancelled": false,
                      "walkover": false,
                      "hf": 0,
                      "periodlength": 45,
                      "numberofperiods": 2,
                      "overtimelength": 15,
                      "tobeannounced": false,
                      "1st_goal": null
                    },
                    "1390710647": {
                      "_doc": "match",
                      "_id": 1390710647,
                      "_sid": 1,
                      "_seasonid": 3015403,
                      "_rcid": 1111,
                      "_tid": 56369,
                      "_utid": 14562,
                      "_dt": {
                        "_doc": "time",
                        "time": "10:46",
                        "date": "27/10/25",
                        "tz": "CET",
                        "tzoffset": 3600,
                        "uts": 1761558417
                      },
                      "round": 13,
                      "roundname": {
                        "_doc": "tableround",
                        "_id": 13,
                        "name": 13
                      },
                      "coverage": {
                        "lineup": 0,
                        "formations": 0,
                        "livetable": 0,
                        "injuries": 0,
                        "ballspotting": false,
                        "cornersonly": false,
                        "multicast": false,
                        "scoutmatch": 0,
                        "scoutcoveragestatus": 0,
                        "liveodds": true,
                        "deepercoverage": false,
                        "tacticallineup": false,
                        "basiclineup": true,
                        "hasstats": true,
                        "inlivescore": true,
                        "advantage": null,
                        "tiebreak": null,
                        "penaltyshootout": 0,
                        "scouttest": null,
                        "lmtsupport": 3,
                        "venue": false,
                        "matchdatacomplete": false,
                        "mediacoverage": true,
                        "substitutions": false
                      },
                      "result": {
                        "home": null,
                        "away": null,
                        "winner": null
                      },
                      "periods": [],
                      "updated_uts": false,
                      "ended_uts": false,
                      "p": "0",
                      "ptime": false,
                      "timeinfo": {
                        "injurytime": null,
                        "ended": null,
                        "started": null,
                        "played": null,
                        "remaining": null,
                        "running": false
                      },
                      "teams": {
                        "home": {
                          "_doc": "team",
                          "_id": 8982001,
                          "_sid": 1,
                          "uid": 276501,
                          "name": "Everton",
                          "mediumname": "Everton",
                          "abbr": "EVE",
                          "nickname": null,
                          "iscountry": false,
                          "haslogo": true
                        },
                        "away": {
                          "_doc": "team",
                          "_id": 8982014,
                          "_sid": 1,
                          "uid": 276514,
                          "name": "Wolverhampton",
                          "mediumname": "Wolverhampton",
                          "abbr": "WOL",
                          "nickname": null,
                          "iscountry": false,
                          "haslogo": true
                        }
                      },
                      "status": {
                        "_doc": "status",
                        "_id": 0,
                        "name": "未开始"
                      },
                      "removed": false,
                      "facts": false,
                      "localderby": false,
                      "matchstatus": "upcoming",
                      "postponed": false,
                      "cancelled": false,
                      "walkover": false,
                      "hf": 0,
                      "periodlength": 45,
                      "numberofperiods": 2,
                      "overtimelength": 15,
                      "tobeannounced": false,
                      "1st_goal": null
                    },
                    "1390710648": {
                      "_doc": "match",
                      "_id": 1390710648,
                      "_sid": 1,
                      "_seasonid": 3015403,
                      "_rcid": 1111,
                      "_tid": 56369,
                      "_utid": 14562,
                      "_dt": {
                        "_doc": "time",
                        "time": "10:46",
                        "date": "27/10/25",
                        "tz": "CET",
                        "tzoffset": 3600,
                        "uts": 1761558417
                      },
                      "round": 13,
                      "roundname": {
                        "_doc": "tableround",
                        "_id": 13,
                        "name": 13
                      },
                      "coverage": {
                        "lineup": 0,
                        "formations": 0,
                        "livetable": 0,
                        "injuries": 0,
                        "ballspotting": false,
                        "cornersonly": false,
                        "multicast": false,
                        "scoutmatch": 0,
                        "scoutcoveragestatus": 0,
                        "liveodds": true,
                        "deepercoverage": false,
                        "tacticallineup": false,
                        "basiclineup": true,
                        "hasstats": true,
                        "inlivescore": true,
                        "advantage": null,
                        "tiebreak": null,
                        "penaltyshootout": 0,
                        "scouttest": null,
                        "lmtsupport": 3,
                        "venue": false,
                        "matchdatacomplete": false,
                        "mediacoverage": true,
                        "substitutions": false
                      },
                      "result": {
                        "home": null,
                        "away": null,
                        "winner": null
                      },
                      "periods": [],
                      "updated_uts": false,
                      "ended_uts": false,
                      "p": "0",
                      "ptime": false,
                      "timeinfo": {
                        "injurytime": null,
                        "ended": null,
                        "started": null,
                        "played": null,
                        "remaining": null,
                        "running": false
                      },
                      "teams": {
                        "home": {
                          "_doc": "team",
                          "_id": 8982013,
                          "_sid": 1,
                          "uid": 276513,
                          "name": "London Ágyúk",
                          "mediumname": "London Ágyúk",
                          "abbr": "LON",
                          "nickname": null,
                          "iscountry": false,
                          "haslogo": true
                        },
                        "away": {
                          "_doc": "team",
                          "_id": 8982011,
                          "_sid": 1,
                          "uid": 276511,
                          "name": "Brighton",
                          "mediumname": "Brighton",
                          "abbr": "BRI",
                          "nickname": null,
                          "iscountry": false,
                          "haslogo": true
                        }
                      },
                      "status": {
                        "_doc": "status",
                        "_id": 0,
                        "name": "未开始"
                      },
                      "removed": false,
                      "facts": false,
                      "localderby": false,
                      "matchstatus": "upcoming",
                      "postponed": false,
                      "cancelled": false,
                      "walkover": false,
                      "hf": 0,
                      "periodlength": 45,
                      "numberofperiods": 2,
                      "overtimelength": 15,
                      "tobeannounced": false,
                      "1st_goal": null
                    },
                    "1390710649": {
                      "_doc": "match",
                      "_id": 1390710649,
                      "_sid": 1,
                      "_seasonid": 3015403,
                      "_rcid": 1111,
                      "_tid": 56369,
                      "_utid": 14562,
                      "_dt": {
                        "_doc": "time",
                        "time": "10:46",
                        "date": "27/10/25",
                        "tz": "CET",
                        "tzoffset": 3600,
                        "uts": 1761558417
                      },
                      "round": 13,
                      "roundname": {
                        "_doc": "tableround",
                        "_id": 13,
                        "name": 13
                      },
                      "coverage": {
                        "lineup": 0,
                        "formations": 0,
                        "livetable": 0,
                        "injuries": 0,
                        "ballspotting": false,
                        "cornersonly": false,
                        "multicast": false,
                        "scoutmatch": 0,
                        "scoutcoveragestatus": 0,
                        "liveodds": true,
                        "deepercoverage": false,
                        "tacticallineup": false,
                        "basiclineup": true,
                        "hasstats": true,
                        "inlivescore": true,
                        "advantage": null,
                        "tiebreak": null,
                        "penaltyshootout": 0,
                        "scouttest": null,
                        "lmtsupport": 3,
                        "venue": false,
                        "matchdatacomplete": false,
                        "mediacoverage": true,
                        "substitutions": false
                      },
                      "result": {
                        "home": null,
                        "away": null,
                        "winner": null
                      },
                      "periods": [],
                      "updated_uts": false,
                      "ended_uts": false,
                      "p": "0",
                      "ptime": false,
                      "timeinfo": {
                        "injurytime": null,
                        "ended": null,
                        "started": null,
                        "played": null,
                        "remaining": null,
                        "running": false
                      },
                      "teams": {
                        "home": {
                          "_doc": "team",
                          "_id": 8982012,
                          "_sid": 1,
                          "uid": 276512,
                          "name": "Newcastle",
                          "mediumname": "Newcastle",
                          "abbr": "NEW",
                          "nickname": null,
                          "iscountry": false,
                          "haslogo": true
                        },
                        "away": {
                          "_doc": "team",
                          "_id": 8982008,
                          "_sid": 1,
                          "uid": 276508,
                          "name": "Chelsea",
                          "mediumname": "Chelsea",
                          "abbr": "CHE",
                          "nickname": null,
                          "iscountry": false,
                          "haslogo": true
                        }
                      },
                      "status": {
                        "_doc": "status",
                        "_id": 0,
                        "name": "未开始"
                      },
                      "removed": false,
                      "facts": false,
                      "localderby": false,
                      "matchstatus": "upcoming",
                      "postponed": false,
                      "cancelled": false,
                      "walkover": false,
                      "hf": 0,
                      "periodlength": 45,
                      "numberofperiods": 2,
                      "overtimelength": 15,
                      "tobeannounced": false,
                      "1st_goal": null
                    },
                    "1390710650": {
                      "_doc": "match",
                      "_id": 1390710650,
                      "_sid": 1,
                      "_seasonid": 3015403,
                      "_rcid": 1111,
                      "_tid": 56369,
                      "_utid": 14562,
                      "_dt": {
                        "_doc": "time",
                        "time": "10:46",
                        "date": "27/10/25",
                        "tz": "CET",
                        "tzoffset": 3600,
                        "uts": 1761558417
                      },
                      "round": 13,
                      "roundname": {
                        "_doc": "tableround",
                        "_id": 13,
                        "name": 13
                      },
                      "coverage": {
                        "lineup": 0,
                        "formations": 0,
                        "livetable": 0,
                        "injuries": 0,
                        "ballspotting": false,
                        "cornersonly": false,
                        "multicast": false,
                        "scoutmatch": 0,
                        "scoutcoveragestatus": 0,
                        "liveodds": true,
                        "deepercoverage": false,
                        "tacticallineup": false,
                        "basiclineup": true,
                        "hasstats": true,
                        "inlivescore": true,
                        "advantage": null,
                        "tiebreak": null,
                        "penaltyshootout": 0,
                        "scouttest": null,
                        "lmtsupport": 3,
                        "venue": false,
                        "matchdatacomplete": false,
                        "mediacoverage": true,
                        "substitutions": false
                      },
                      "result": {
                        "home": null,
                        "away": null,
                        "winner": null
                      },
                      "periods": [],
                      "updated_uts": false,
                      "ended_uts": false,
                      "p": "0",
                      "ptime": false,
                      "timeinfo": {
                        "injurytime": null,
                        "ended": null,
                        "started": null,
                        "played": null,
                        "remaining": null,
                        "running": false
                      },
                      "teams": {
                        "home": {
                          "_doc": "team",
                          "_id": 8982002,
                          "_sid": 1,
                          "uid": 276502,
                          "name": "Vörös Ördögök",
                          "mediumname": "Vörös Ördögök",
                          "abbr": "VOR",
                          "nickname": null,
                          "iscountry": false,
                          "haslogo": true
                        },
                        "away": {
                          "_doc": "team",
                          "_id": 8982006,
                          "_sid": 1,
                          "uid": 276506,
                          "name": "Brentford",
                          "mediumname": "Brentford",
                          "abbr": "BRE",
                          "nickname": null,
                          "iscountry": false,
                          "haslogo": true
                        }
                      },
                      "status": {
                        "_doc": "status",
                        "_id": 0,
                        "name": "未开始"
                      },
                      "removed": false,
                      "facts": false,
                      "localderby": false,
                      "matchstatus": "upcoming",
                      "postponed": false,
                      "cancelled": false,
                      "walkover": false,
                      "hf": 0,
                      "periodlength": 45,
                      "numberofperiods": 2,
                      "overtimelength": 15,
                      "tobeannounced": false,
                      "1st_goal": null
                    },
                    "1390710651": {
                      "_doc": "match",
                      "_id": 1390710651,
                      "_sid": 1,
                      "_seasonid": 3015403,
                      "_rcid": 1111,
                      "_tid": 56369,
                      "_utid": 14562,
                      "_dt": {
                        "_doc": "time",
                        "time": "10:46",
                        "date": "27/10/25",
                        "tz": "CET",
                        "tzoffset": 3600,
                        "uts": 1761558417
                      },
                      "round": 13,
                      "roundname": {
                        "_doc": "tableround",
                        "_id": 13,
                        "name": 13
                      },
                      "coverage": {
                        "lineup": 0,
                        "formations": 0,
                        "livetable": 0,
                        "injuries": 0,
                        "ballspotting": false,
                        "cornersonly": false,
                        "multicast": false,
                        "scoutmatch": 0,
                        "scoutcoveragestatus": 0,
                        "liveodds": true,
                        "deepercoverage": false,
                        "tacticallineup": false,
                        "basiclineup": true,
                        "hasstats": true,
                        "inlivescore": true,
                        "advantage": null,
                        "tiebreak": null,
                        "penaltyshootout": 0,
                        "scouttest": null,
                        "lmtsupport": 3,
                        "venue": false,
                        "matchdatacomplete": false,
                        "mediacoverage": true,
                        "substitutions": false
                      },
                      "result": {
                        "home": null,
                        "away": null,
                        "winner": null
                      },
                      "periods": [],
                      "updated_uts": false,
                      "ended_uts": false,
                      "p": "0",
                      "ptime": false,
                      "timeinfo": {
                        "injurytime": null,
                        "ended": null,
                        "started": null,
                        "played": null,
                        "remaining": null,
                        "running": false
                      },
                      "teams": {
                        "home": {
                          "_doc": "team",
                          "_id": 8982005,
                          "_sid": 1,
                          "uid": 276505,
                          "name": "Tottenham",
                          "mediumname": "Tottenham",
                          "abbr": "TOT",
                          "nickname": null,
                          "iscountry": false,
                          "haslogo": true
                        },
                        "away": {
                          "_doc": "team",
                          "_id": 8982003,
                          "_sid": 1,
                          "uid": 276503,
                          "name": "Fulham",
                          "mediumname": "Fulham",
                          "abbr": "FUL",
                          "nickname": null,
                          "iscountry": false,
                          "haslogo": true
                        }
                      },
                      "status": {
                        "_doc": "status",
                        "_id": 0,
                        "name": "未开始"
                      },
                      "removed": false,
                      "facts": false,
                      "localderby": false,
                      "matchstatus": "upcoming",
                      "postponed": false,
                      "cancelled": false,
                      "walkover": false,
                      "hf": 0,
                      "periodlength": 45,
                      "numberofperiods": 2,
                      "overtimelength": 15,
                      "tobeannounced": false,
                      "1st_goal": null
                    },
                    "1390710652": {
                      "_doc": "match",
                      "_id": 1390710652,
                      "_sid": 1,
                      "_seasonid": 3015403,
                      "_rcid": 1111,
                      "_tid": 56369,
                      "_utid": 14562,
                      "_dt": {
                        "_doc": "time",
                        "time": "10:46",
                        "date": "27/10/25",
                        "tz": "CET",
                        "tzoffset": 3600,
                        "uts": 1761558417
                      },
                      "round": 13,
                      "roundname": {
                        "_doc": "tableround",
                        "_id": 13,
                        "name": 13
                      },
                      "coverage": {
                        "lineup": 0,
                        "formations": 0,
                        "livetable": 0,
                        "injuries": 0,
                        "ballspotting": false,
                        "cornersonly": false,
                        "multicast": false,
                        "scoutmatch": 0,
                        "scoutcoveragestatus": 0,
                        "liveodds": true,
                        "deepercoverage": false,
                        "tacticallineup": false,
                        "basiclineup": true,
                        "hasstats": true,
                        "inlivescore": true,
                        "advantage": null,
                        "tiebreak": null,
                        "penaltyshootout": 0,
                        "scouttest": null,
                        "lmtsupport": 3,
                        "venue": false,
                        "matchdatacomplete": false,
                        "mediacoverage": true,
                        "substitutions": false
                      },
                      "result": {
                        "home": null,
                        "away": null,
                        "winner": null
                      },
                      "periods": [],
                      "updated_uts": false,
                      "ended_uts": false,
                      "p": "0",
                      "ptime": false,
                      "timeinfo": {
                        "injurytime": null,
                        "ended": null,
                        "started": null,
                        "played": null,
                        "remaining": null,
                        "running": false
                      },
                      "teams": {
                        "home": {
                          "_doc": "team",
                          "_id": 8982009,
                          "_sid": 1,
                          "uid": 276509,
                          "name": "Crystal Palace",
                          "mediumname": "Crystal Palace",
                          "abbr": "CRY",
                          "nickname": null,
                          "iscountry": false,
                          "haslogo": true
                        },
                        "away": {
                          "_doc": "team",
                          "_id": 8982007,
                          "_sid": 1,
                          "uid": 276507,
                          "name": "Liverpool",
                          "mediumname": "Liverpool",
                          "abbr": "LIV",
                          "nickname": null,
                          "iscountry": false,
                          "haslogo": true
                        }
                      },
                      "status": {
                        "_doc": "status",
                        "_id": 0,
                        "name": "未开始"
                      },
                      "removed": false,
                      "facts": false,
                      "localderby": false,
                      "matchstatus": "upcoming",
                      "postponed": false,
                      "cancelled": false,
                      "walkover": false,
                      "hf": 0,
                      "periodlength": 45,
                      "numberofperiods": 2,
                      "overtimelength": 15,
                      "tobeannounced": false,
                      "1st_goal": null
                    },
                    "1390710653": {
                      "_doc": "match",
                      "_id": 1390710653,
                      "_sid": 1,
                      "_seasonid": 3015403,
                      "_rcid": 1111,
                      "_tid": 56369,
                      "_utid": 14562,
                      "_dt": {
                        "_doc": "time",
                        "time": "10:46",
                        "date": "27/10/25",
                        "tz": "CET",
                        "tzoffset": 3600,
                        "uts": 1761558417
                      },
                      "round": 13,
                      "roundname": {
                        "_doc": "tableround",
                        "_id": 13,
                        "name": 13
                      },
                      "coverage": {
                        "lineup": 0,
                        "formations": 0,
                        "livetable": 0,
                        "injuries": 0,
                        "ballspotting": false,
                        "cornersonly": false,
                        "multicast": false,
                        "scoutmatch": 0,
                        "scoutcoveragestatus": 0,
                        "liveodds": true,
                        "deepercoverage": false,
                        "tacticallineup": false,
                        "basiclineup": true,
                        "hasstats": true,
                        "inlivescore": true,
                        "advantage": null,
                        "tiebreak": null,
                        "penaltyshootout": 0,
                        "scouttest": null,
                        "lmtsupport": 3,
                        "venue": false,
                        "matchdatacomplete": false,
                        "mediacoverage": true,
                        "substitutions": false
                      },
                      "result": {
                        "home": null,
                        "away": null,
                        "winner": null
                      },
                      "periods": [],
                      "updated_uts": false,
                      "ended_uts": false,
                      "p": "0",
                      "ptime": false,
                      "timeinfo": {
                        "injurytime": null,
                        "ended": null,
                        "started": null,
                        "played": null,
                        "remaining": null,
                        "running": false
                      },
                      "teams": {
                        "home": {
                          "_doc": "team",
                          "_id": 8982015,
                          "_sid": 1,
                          "uid": 276515,
                          "name": "West Ham",
                          "mediumname": "West Ham",
                          "abbr": "WHU",
                          "nickname": null,
                          "iscountry": false,
                          "haslogo": true
                        },
                        "away": {
                          "_doc": "team",
                          "_id": 8982004,
                          "_sid": 1,
                          "uid": 276504,
                          "name": "Aston Oroszlán",
                          "mediumname": "Aston Oroszlán",
                          "abbr": "ASO",
                          "nickname": null,
                          "iscountry": false,
                          "haslogo": true
                        }
                      },
                      "status": {
                        "_doc": "status",
                        "_id": 0,
                        "name": "未开始"
                      },
                      "removed": false,
                      "facts": false,
                      "localderby": false,
                      "matchstatus": "upcoming",
                      "postponed": false,
                      "cancelled": false,
                      "walkover": false,
                      "hf": 0,
                      "periodlength": 45,
                      "numberofperiods": 2,
                      "overtimelength": 15,
                      "tobeannounced": false,
                      "1st_goal": null
                    }
                  }
                }
              }
            }
          }
        }
      }
    }
  ]
}