[
  {
    "match_id": "1390728664",
    "home": "Wolverhampton",
    "away": "Chelsea",
    "result": {
      "home": 1,
      "away": 1,
      "winner": null
    },
    "status": {
      "_doc": "status",
      "_id": 100,
      "name": "\u5b8c\u573a"
    },
    "matchstatus": "recentlyended",
    "all_keys": [
      "_doc",
      "_id",
      "_sid",
      "_seasonid",
      "_rcid",
      "_tid",
      "_utid",
      "_dt",
      "round",
      "roundname",
      "coverage",
      "result",
      "periods",
      "updated_uts",
      "ended_uts",
      "p",
      "ptime",
      "timeinfo",
      "teams",
      "status",
      "removed",
      "facts",
      "localderby",
      "matchstatus",
      "postponed",
      "cancelled",
      "walkover",
      "hf",
      "periodlength",
      "numberofperiods",
      "overtimelength",
      "tobeannounced",
      "1st_goal"
    ]
  },
  {
    "match_id": "1390728665",
    "home": "Nottingham",
    "away": "Brentford",
    "result": {
      "home": 1,
      "away": 2,
      "winner": "away"
    },
    "status": {
      "_doc": "status",
      "_id": 100,
      "name": "\u5b8c\u573a"
    },
    "matchstatus": "recentlyended",
    "all_keys": [
      "_doc",
      "_id",
      "_sid",
      "_seasonid",
      "_rcid",
      "_tid",
      "_utid",
      "_dt",
      "round",
      "roundname",
      "coverage",
      "result",
      "periods",
      "updated_uts",
      "ended_uts",
      "p",
      "ptime",
      "timeinfo",
      "teams",
      "status",
      "removed",
      "facts",
      "localderby",
      "matchstatus",
      "postponed",
      "cancelled",
      "walkover",
      "hf",
      "periodlength",
      "numberofperiods",
      "overtimelength",
      "tobeannounced",
      "1st_goal"
    ]
  },
  {
    "match_id": "1390728666",
    "home": "Brighton",
    "away": "Fulham",
    "result": {
      "home": 1,
      "away": 1,
      "winner": null
    },
    "status": {
      "_doc": "status",
      "_id": 100,
      "name": "\u5b8c\u573a"
    },
    "matchstatus": "recentlyended",
    "all_keys": [
      "_doc",
      "_id",
      "_sid",
      "_seasonid",
      "_rcid",
      "_tid",
      "_utid",
      "_dt",
      "round",
      "roundname",
      "coverage",
      "result",
      "periods",
      "updated_uts",
      "ended_uts",
      "p",
      "ptime",
      "timeinfo",
      "teams",
      "status",
      "removed",
      "facts",
      "localderby",
      "matchstatus",
      "postponed",
      "cancelled",
      "walkover",
      "hf",
      "periodlength",
      "numberofperiods",
      "overtimelength",
      "tobeannounced",
      "1st_goal"
    ]
  },
  {
    "match_id": "1390728667",
    "home": "Everton",
    "away": "Liverpool",
    "result": {
      "home": 0,
      "away": 0,
      "winner": null
    },
    "status": {
      "_doc": "status",
      "_id": 100,
      "name": "\u5b8c\u573a"
    },
    "matchstatus": "recentlyended",
    "all_keys": [
      "_doc",
      "_id",
      "_sid",
      "_seasonid",
      "_rcid",
      "_tid",
      "_utid",
      "_dt",
      "round",
      "roundname",
      "coverage",
      "result",
      "periods",
      "updated_uts",
      "ended_uts",
      "p",
      "ptime",
      "timeinfo",
      "teams",
      "status",
      "removed",
      "facts",
      "localderby",
      "matchstatus",
      "postponed",
      "cancelled",
      "walkover",
      "hf",
      "periodlength",
      "numberofperiods",
      "overtimelength",
      "tobeannounced",
      "1st_goal"
    ]
  },
  {
    "match_id": "1390728668",
    "home": "Tottenham",
    "away": "Newcastle",
    "result": {
      "home": 0,
      "away": 0,
      "winner": null
    },
    "status": {
      "_doc": "status",
      "_id": 100,
      "name": "\u5b8c\u573a"
    },
    "matchstatus": "recentlyended",
    "all_keys": [
      "_doc",
      "_id",
      "_sid",
      "_seasonid",
      "_rcid",
      "_tid",
      "_utid",
      "_dt",
      "round",
      "roundname",
      "coverage",
      "result",
      "periods",
      "updated_uts",
      "ended_uts",
      "p",
      "ptime",
      "timeinfo",
      "teams",
      "status",
      "removed",
      "facts",
      "localderby",
      "matchstatus",
      "postponed",
      "cancelled",
      "walkover",
      "hf",
      "periodlength",
      "numberofperiods",
      "overtimelength",
      "tobeannounced",
      "1st_goal"
    ]
  },
  {
    "match_id": "1390728669",
    "home": "West Ham",
    "away": "Aston Oroszl\u00e1n",
    "result": {
      "home": 2,
      "away": 0,
      "winner": "home"
    },
    "status": {
      "_doc": "status",
      "_id": 100,
      "name": "\u5b8c\u573a"
    },
    "matchstatus": "recentlyended",
    "all_keys": [
      "_doc",
      "_id",
      "_sid",
      "_seasonid",
      "_rcid",
      "_tid",
      "_utid",
      "_dt",
      "round",
      "roundname",
      "coverage",
      "result",
      "periods",
      "updated_uts",
      "ended_uts",
      "p",
      "ptime",
      "timeinfo",
      "teams",
      "status",
      "removed",
      "facts",
      "localderby",
      "matchstatus",
      "postponed",
      "cancelled",
      "walkover",
      "hf",
      "periodlength",
      "numberofperiods",
      "overtimelength",
      "tobeannounced",
      "1st_goal"
    ]
  },
  {
    "match_id": "1390728670",
    "home": "Manchester K\u00e9k",
    "away": "London \u00c1gy\u00fak",
    "result": {
      "home": 1,
      "away": 0,
      "winner": "home"
    },
    "status": {
      "_doc": "status",
      "_id": 100,
      "name": "\u5b8c\u573a"
    },
    "matchstatus": "recentlyended",
    "all_keys": [
      "_doc",
      "_id",
      "_sid",
      "_seasonid",
      "_rcid",
      "_tid",
      "_utid",
      "_dt",
      "round",
      "roundname",
      "coverage",
      "result",
      "periods",
      "updated_uts",
      "ended_uts",
      "p",
      "ptime",
      "timeinfo",
      "teams",
      "status",
      "removed",
      "facts",
      "localderby",
      "matchstatus",
      "postponed",
      "cancelled",
      "walkover",
      "hf",
      "periodlength",
      "numberofperiods",
      "overtimelength",
      "tobeannounced",
      "1st_goal"
    ]
  },
  {
    "match_id": "1390728671",
    "home": "V\u00f6r\u00f6s \u00d6rd\u00f6g\u00f6k",
    "away": "Crystal Palace",
    "result": {
      "home": 3,
      "away": 1,
      "winner": "home"
    },
    "status": {
      "_doc": "status",
      "_id": 100,
      "name": "\u5b8c\u573a"
    },
    "matchstatus": "recentlyended",
    "all_keys": [
      "_doc",
      "_id",
      "_sid",
      "_seasonid",
      "_rcid",
      "_tid",
      "_utid",
      "_dt",
      "round",
      "roundname",
      "coverage",
      "result",
      "periods",
      "updated_uts",
      "ended_uts",
      "p",
      "ptime",
      "timeinfo",
      "teams",
      "status",
      "removed",
      "facts",
      "localderby",
      "matchstatus",
      "postponed",
      "cancelled",
      "walkover",
      "hf",
      "periodlength",
      "numberofperiods",
      "overtimelength",
      "tobeannounced",
      "1st_goal"
    ]
  }
]