{"queryUrl":"seeds\/","doc":[{"event":"exception","_dob":1761558344,"_maxage":10,"data":{"_doc":"exception","message":"SRCommon\\Exception\\Base: Ups! Something went wrong in \/var\/www\/feeds\/lib\/FishNet\/AbstractRouteHandler.php:304\nStack trace:\n#0 \/var\/www\/feeds\/lib\/FishNet\/RouteHandler\/Gismo.php(16): FishNet\\AbstractRouteHandler->handleException(Object(SRCommon\\Exception\\InvalidRoute))\n#1 \/var\/www\/feeds\/lib\/FishNet\/System\/Dispatcher.php(46): FishNet\\RouteHandler\\Gismo->handle()\n#2 \/var\/www\/feeds\/lib\/FishNet\/System\/Init.php(239): FishNet\\System\\Dispatcher->dispatch('\/scigamingsciga...')\n#3 \/var\/www\/feeds\/application\/bootstrap.php(62): FishNet\\System\\Init::runQuery(Object(SRCommon\\Config\\Config))\n#4 \/var\/www\/feeds\/htdocs\/index.php(3): include('\/var\/www\/feeds\/...')\n#5 {main}","code":0,"name":"Base","query":"seeds"}}]}