{
  "predictions": {
    "url": "https://vgls.live.vsports.cloud/vfl/feeds/?/scigamingscigamingcdn/zh/Europe:Berlin/gismo/predictions",
    "status": 200,
    "size": 898,
    "type": "json",
    "keys": [
      "queryUrl",
      "doc"
    ],
    "saved": true
  },
  "pregenerated": {
    "url": "https://vgls.live.vsports.cloud/vfl/feeds/?/scigamingscigamingcdn/zh/Europe:Berlin/gismo/pregenerated",
    "status": 200,
    "size": 900,
    "type": "json",
    "keys": [
      "queryUrl",
      "doc"
    ],
    "saved": true
  },
  "generated": {
    "url": "https://vgls.live.vsports.cloud/vfl/feeds/?/scigamingscigamingcdn/zh/Europe:Berlin/gismo/generated",
    "status": 200,
    "size": 894,
    "type": "json",
    "keys": [
      "queryUrl",
      "doc"
    ],
    "saved": true
  },
  "simulation": {
    "url": "https://vgls.live.vsports.cloud/vfl/feeds/?/scigamingscigamingcdn/zh/Europe:Berlin/gismo/simulation",
    "status": 200,
    "size": 896,
    "type": "json",
    "keys": [
      "queryUrl",
      "doc"
    ],
    "saved": true
  },
  "settlements": {
    "url": "https://vgls.live.vsports.cloud/vfl/feeds/?/scigamingscigamingcdn/zh/Europe:Berlin/gismo/settlements",
    "status": 200,
    "size": 898,
    "type": "json",
    "keys": [
      "queryUrl",
      "doc"
    ],
    "saved": true
  },
  "results": {
    "url": "https://vgls.live.vsports.cloud/vfl/feeds/?/scigamingscigamingcdn/zh/Europe:Berlin/gismo/results",
    "status": 200,
    "size": 890,
    "type": "json",
    "keys": [
      "queryUrl",
      "doc"
    ],
    "saved": true
  },
  "outcomes": {
    "url": "https://vgls.live.vsports.cloud/vfl/feeds/?/scigamingscigamingcdn/zh/Europe:Berlin/gismo/outcomes",
    "status": 200,
    "size": 892,
    "type": "json",
    "keys": [
      "queryUrl",
      "doc"
    ],
    "saved": true
  },
  "probabilities": {
    "url": "https://vgls.live.vsports.cloud/vfl/feeds/?/scigamingscigamingcdn/zh/Europe:Berlin/gismo/probabilities",
    "status": 200,
    "size": 902,
    "type": "json",
    "keys": [
      "queryUrl",
      "doc"
    ],
    "saved": true
  },
  "admin": {
    "url": "https://vgls.live.vsports.cloud/vfl/feeds/?/scigamingscigamingcdn/zh/Europe:Berlin/gismo/admin",
    "status": 200,
    "size": 886,
    "type": "json",
    "keys": [
      "queryUrl",
      "doc"
    ],
    "saved": true
  },
  "internal": {
    "url": "https://vgls.live.vsports.cloud/vfl/feeds/?/scigamingscigamingcdn/zh/Europe:Berlin/gismo/internal",
    "status": 200,
    "size": 892,
    "type": "json",
    "keys": [
      "queryUrl",
      "doc"
    ],
    "saved": true
  },
  "debug": {
    "url": "https://vgls.live.vsports.cloud/vfl/feeds/?/scigamingscigamingcdn/zh/Europe:Berlin/gismo/debug",
    "status": 200,
    "size": 886,
    "type": "json",
    "keys": [
      "queryUrl",
      "doc"
    ],
    "saved": true
  },
  "config": {
    "url": "https://vgls.live.vsports.cloud/vfl/feeds/?/scigamingscigamingcdn/zh/Europe:Berlin/gismo/config",
    "status": 200,
    "size": 888,
    "type": "json",
    "keys": [
      "queryUrl",
      "doc"
    ],
    "saved": true
  }
}