{
  "season_id": 3015403,
  "round_nr": 14,
  "match_id": 1390710654,
  "phase": "pre_match (következő forduló: 14)",
  "monitoring_duration_minutes": 5,
  "total_checks": 30,
  "initial_fields_count": 765,
  "total_changes": 81,
  "changes": [
    {
      "field": "realcategories.1111.tournaments.56369.matches.1390710658.periods.p1.home",
      "old_value": null,
      "new_value": 1,
      "timestamp": "2025-10-27T09:55:45.444728"
    },
    {
      "field": "realcategories.1111.tournaments.56369.matches.1390710660.result.home",
      "old_value": 0,
      "new_value": 1,
      "timestamp": "2025-10-27T09:55:45.444753"
    },
    {
      "field": "realcategories.1111.tournaments.56369.matches.1390710658.periods.p1.away",
      "old_value": null,
      "new_value": 0,
      "timestamp": "2025-10-27T09:55:45.444757"
    },
    {
      "field": "realcategories.1111.tournaments.56369.matches.1390710660.1st_goal",
      "old_value": null,
      "new_value": "home",
      "timestamp": "2025-10-27T09:55:45.444761"
    },
    {
      "field": "realcategories.1111.tournaments.56369.matches.1390710660.updated_uts",
      "old_value": 1761558907,
      "new_value": 1761558941,
      "timestamp": "2025-10-27T09:55:45.444806"
    },
    {
      "field": "realcategories.1111.tournaments.56369.matches.1390710660.result.winner",
      "old_value": null,
      "new_value": "home",
      "timestamp": "2025-10-27T09:55:45.444812"
    },
    {
      "field": "realcategories.1111.tournaments.56369.matches.1390710658.updated_uts",
      "old_value": 1761558925,
      "new_value": 1761558936,
      "timestamp": "2025-10-27T09:55:45.444816"
    },
    {
      "field": "realcategories.1111.tournaments.56369.matches.1390710659.result.winner",
      "old_value": null,
      "new_value": "away",
      "timestamp": "2025-10-27T09:55:55.627272"
    },
    {
      "field": "realcategories.1111.tournaments.56369.matches.1390710654.periods.p1.home",
      "old_value": null,
      "new_value": 0,
      "timestamp": "2025-10-27T09:55:55.627322"
    },
    {
      "field": "realcategories.1111.tournaments.56369.matches.1390710659.updated_uts",
      "old_value": 1761558913,
      "new_value": 1761558942,
      "timestamp": "2025-10-27T09:55:55.627335"
    },
    {
      "field": "realcategories.1111.tournaments.56369.matches.1390710654.updated_uts",
      "old_value": 1761558929,
      "new_value": 1761558942,
      "timestamp": "2025-10-27T09:55:55.627353"
    },
    {
      "field": "realcategories.1111.tournaments.56369.matches.1390710659.1st_goal",
      "old_value": null,
      "new_value": "away",
      "timestamp": "2025-10-27T09:55:55.627357"
    },
    {
      "field": "realcategories.1111.tournaments.56369.matches.1390710659.result.away",
      "old_value": 0,
      "new_value": 1,
      "timestamp": "2025-10-27T09:55:55.627363"
    },
    {
      "field": "realcategories.1111.tournaments.56369.matches.1390710654.periods.p1.away",
      "old_value": null,
      "new_value": 3,
      "timestamp": "2025-10-27T09:55:55.627366"
    },
    {
      "field": "realcategories.1111.tournaments.56369.matches.1390710660.result.home",
      "old_value": 1,
      "new_value": 2,
      "timestamp": "2025-10-27T09:56:15.970600"
    },
    {
      "field": "realcategories.1111.tournaments.56369.matches.1390710660.updated_uts",
      "old_value": 1761558941,
      "new_value": 1761558958,
      "timestamp": "2025-10-27T09:56:15.970657"
    },
    {
      "field": "realcategories.1111.tournaments.56369.matches.1390710656.result.home",
      "old_value": 1,
      "new_value": 2,
      "timestamp": "2025-10-27T09:56:15.970688"
    },
    {
      "field": "realcategories.1111.tournaments.56369.matches.1390710656.updated_uts",
      "old_value": 1761558926,
      "new_value": 1761558952,
      "timestamp": "2025-10-27T09:56:15.970692"
    },
    {
      "field": "realcategories.1111.tournaments.56369.matches.1390710657.matchstatus",
      "old_value": "live",
      "new_value": "recentlyended",
      "timestamp": "2025-10-27T09:56:26.212106"
    },
    {
      "field": "realcategories.1111.tournaments.56369.matches.1390710659.result.winner",
      "old_value": "away",
      "new_value": "home",
      "timestamp": "2025-10-27T09:56:26.212120"
    },
    {
      "field": "realcategories.1111.tournaments.56369.matches.1390710656.periods.ft.home",
      "old_value": null,
      "new_value": 2,
      "timestamp": "2025-10-27T09:56:26.212125"
    },
    {
      "field": "realcategories.1111.tournaments.56369.matches.1390710657.periods.ft.home",
      "old_value": null,
      "new_value": 1,
      "timestamp": "2025-10-27T09:56:26.212127"
    },
    {
      "field": "realcategories.1111.tournaments.56369.matches.1390710655.result.away",
      "old_value": 0,
      "new_value": 2,
      "timestamp": "2025-10-27T09:56:26.212129"
    },
    {
      "field": "realcategories.1111.tournaments.56369.matches.1390710658.ptime",
      "old_value": false,
      "new_value": 1761558982,
      "timestamp": "2025-10-27T09:56:26.212131"
    },
    {
      "field": "realcategories.1111.tournaments.56369.matches.1390710660.ptime",
      "old_value": false,
      "new_value": 1761558983,
      "timestamp": "2025-10-27T09:56:26.212135"
    },
    {
      "field": "realcategories.1111.tournaments.56369.matches.1390710660.periods.ft.home",
      "old_value": null,
      "new_value": 2,
      "timestamp": "2025-10-27T09:56:26.212137"
    },
    {
      "field": "realcategories.1111.tournaments.56369.matches.1390710660.status.name",
      "old_value": "已开始",
      "new_value": "完场",
      "timestamp": "2025-10-27T09:56:26.212138"
    },
    {
      "field": "realcategories.1111.tournaments.56369.matches.1390710659.result.home",
      "old_value": 0,
      "new_value": 2,
      "timestamp": "2025-10-27T09:56:26.212144"
    },
    {
      "field": "realcategories.1111.tournaments.56369.matches.1390710657.updated_uts",
      "old_value": 1761558923,
      "new_value": 1761558983,
      "timestamp": "2025-10-27T09:56:26.212145"
    },
    {
      "field": "realcategories.1111.tournaments.56369.matches.1390710654.status.name",
      "old_value": "已开始",
      "new_value": "完场",
      "timestamp": "2025-10-27T09:56:26.212149"
    },
    {
      "field": "realcategories.1111.tournaments.56369.matches.1390710654.periods.ft.home",
      "old_value": null,
      "new_value": 1,
      "timestamp": "2025-10-27T09:56:26.212152"
    },
    {
      "field": "realcategories.1111.tournaments.56369.matches.1390710656.result.away",
      "old_value": 0,
      "new_value": 1,
      "timestamp": "2025-10-27T09:56:26.212154"
    },
    {
      "field": "realcategories.1111.tournaments.56369.matches.1390710657.periods.ft.away",
      "old_value": null,
      "new_value": 1,
      "timestamp": "2025-10-27T09:56:26.212166"
    },
    {
      "field": "realcategories.1111.tournaments.56369.matches.1390710657.status._id",
      "old_value": 20,
      "new_value": 100,
      "timestamp": "2025-10-27T09:56:26.212168"
    },
    {
      "field": "realcategories.1111.tournaments.56369.matches.1390710659.periods.ft.home",
      "old_value": null,
      "new_value": 2,
      "timestamp": "2025-10-27T09:56:26.212171"
    },
    {
      "field": "realcategories.1111.tournaments.56369.matches.1390710660.status._id",
      "old_value": 20,
      "new_value": 100,
      "timestamp": "2025-10-27T09:56:26.212174"
    },
    {
      "field": "realcategories.1111.tournaments.56369.matches.1390710654.result.home",
      "old_value": 0,
      "new_value": 1,
      "timestamp": "2025-10-27T09:56:26.212176"
    },
    {
      "field": "realcategories.1111.tournaments.56369.matches.1390710658.matchstatus",
      "old_value": "live",
      "new_value": "recentlyended",
      "timestamp": "2025-10-27T09:56:26.212180"
    },
    {
      "field": "realcategories.1111.tournaments.56369.matches.1390710661.updated_uts",
      "old_value": 1761558912,
      "new_value": 1761558983,
      "timestamp": "2025-10-27T09:56:26.212183"
    },
    {
      "field": "realcategories.1111.tournaments.56369.matches.1390710656.periods.ft.away",
      "old_value": null,
      "new_value": 1,
      "timestamp": "2025-10-27T09:56:26.212186"
    },
    {
      "field": "realcategories.1111.tournaments.56369.matches.1390710661.ptime",
      "old_value": false,
      "new_value": 1761558983,
      "timestamp": "2025-10-27T09:56:26.212188"
    },
    {
      "field": "realcategories.1111.tournaments.56369.matches.1390710660.matchstatus",
      "old_value": "live",
      "new_value": "recentlyended",
      "timestamp": "2025-10-27T09:56:26.212196"
    },
    {
      "field": "realcategories.1111.tournaments.56369.matches.1390710661.periods.ft.away",
      "old_value": null,
      "new_value": 0,
      "timestamp": "2025-10-27T09:56:26.212199"
    },
    {
      "field": "realcategories.1111.tournaments.56369.matches.1390710659.matchstatus",
      "old_value": "live",
      "new_value": "recentlyended",
      "timestamp": "2025-10-27T09:56:26.212201"
    },
    {
      "field": "realcategories.1111.tournaments.56369.matches.1390710656.ptime",
      "old_value": false,
      "new_value": 1761558982,
      "timestamp": "2025-10-27T09:56:26.212207"
    },
    {
      "field": "realcategories.1111.tournaments.56369.matches.1390710655.periods.ft.home",
      "old_value": null,
      "new_value": 1,
      "timestamp": "2025-10-27T09:56:26.212208"
    },
    {
      "field": "realcategories.1111.tournaments.56369.matches.1390710654.matchstatus",
      "old_value": "live",
      "new_value": "recentlyended",
      "timestamp": "2025-10-27T09:56:26.212209"
    },
    {
      "field": "realcategories.1111.tournaments.56369.matches.1390710657.ptime",
      "old_value": false,
      "new_value": 1761558983,
      "timestamp": "2025-10-27T09:56:26.212212"
    },
    {
      "field": "realcategories.1111.tournaments.56369.matches.1390710658.status._id",
      "old_value": 20,
      "new_value": 100,
      "timestamp": "2025-10-27T09:56:26.212215"
    },
    {
      "field": "realcategories.1111.tournaments.56369.matches.1390710660.result.away",
      "old_value": 0,
      "new_value": 1,
      "timestamp": "2025-10-27T09:56:26.212218"
    },
    {
      "field": "realcategories.1111.tournaments.56369.matches.1390710655.ptime",
      "old_value": false,
      "new_value": 1761558982,
      "timestamp": "2025-10-27T09:56:26.212219"
    },
    {
      "field": "realcategories.1111.tournaments.56369.matches.1390710659.updated_uts",
      "old_value": 1761558942,
      "new_value": 1761558983,
      "timestamp": "2025-10-27T09:56:26.212220"
    },
    {
      "field": "realcategories.1111.tournaments.56369.matches.1390710655.updated_uts",
      "old_value": 1761558904,
      "new_value": 1761558982,
      "timestamp": "2025-10-27T09:56:26.212222"
    },
    {
      "field": "realcategories.1111.tournaments.56369.matches.1390710655.status._id",
      "old_value": 20,
      "new_value": 100,
      "timestamp": "2025-10-27T09:56:26.212224"
    },
    {
      "field": "realcategories.1111.tournaments.56369.matches.1390710654.ptime",
      "old_value": false,
      "new_value": 1761558983,
      "timestamp": "2025-10-27T09:56:26.212225"
    },
    {
      "field": "realcategories.1111.tournaments.56369.matches.1390710660.updated_uts",
      "old_value": 1761558958,
      "new_value": 1761558983,
      "timestamp": "2025-10-27T09:56:26.212230"
    },
    {
      "field": "realcategories.1111.tournaments.56369.matches.1390710654.periods.ft.away",
      "old_value": null,
      "new_value": 3,
      "timestamp": "2025-10-27T09:56:26.212232"
    },
    {
      "field": "realcategories.1111.tournaments.56369.matches.1390710656.matchstatus",
      "old_value": "live",
      "new_value": "recentlyended",
      "timestamp": "2025-10-27T09:56:26.212236"
    },
    {
      "field": "realcategories.1111.tournaments.56369.matches.1390710659.periods.ft.away",
      "old_value": null,
      "new_value": 1,
      "timestamp": "2025-10-27T09:56:26.212240"
    },
    {
      "field": "realcategories.1111.tournaments.56369.matches.1390710661.periods.ft.home",
      "old_value": null,
      "new_value": 0,
      "timestamp": "2025-10-27T09:56:26.212242"
    },
    {
      "field": "realcategories.1111.tournaments.56369.matches.1390710658.updated_uts",
      "old_value": 1761558936,
      "new_value": 1761558982,
      "timestamp": "2025-10-27T09:56:26.212243"
    },
    {
      "field": "realcategories.1111.tournaments.56369.matches.1390710661.matchstatus",
      "old_value": "live",
      "new_value": "recentlyended",
      "timestamp": "2025-10-27T09:56:26.212246"
    },
    {
      "field": "realcategories.1111.tournaments.56369.matches.1390710656.status._id",
      "old_value": 20,
      "new_value": 100,
      "timestamp": "2025-10-27T09:56:26.212249"
    },
    {
      "field": "realcategories.1111.tournaments.56369.matches.1390710654.updated_uts",
      "old_value": 1761558942,
      "new_value": 1761558983,
      "timestamp": "2025-10-27T09:56:26.212252"
    },
    {
      "field": "realcategories.1111.tournaments.56369.matches.1390710659.ptime",
      "old_value": false,
      "new_value": 1761558983,
      "timestamp": "2025-10-27T09:56:26.212254"
    },
    {
      "field": "realcategories.1111.tournaments.56369.matches.1390710655.status.name",
      "old_value": "已开始",
      "new_value": "完场",
      "timestamp": "2025-10-27T09:56:26.212256"
    },
    {
      "field": "realcategories.1111.tournaments.56369.matches.1390710655.matchstatus",
      "old_value": "live",
      "new_value": "recentlyended",
      "timestamp": "2025-10-27T09:56:26.212257"
    },
    {
      "field": "realcategories.1111.tournaments.56369.matches.1390710661.status.name",
      "old_value": "已开始",
      "new_value": "完场",
      "timestamp": "2025-10-27T09:56:26.212261"
    },
    {
      "field": "realcategories.1111.tournaments.56369.matches.1390710655.periods.ft.away",
      "old_value": null,
      "new_value": 2,
      "timestamp": "2025-10-27T09:56:26.212263"
    },
    {
      "field": "realcategories.1111.tournaments.56369.matches.1390710658.periods.ft.away",
      "old_value": null,
      "new_value": 0,
      "timestamp": "2025-10-27T09:56:26.212265"
    },
    {
      "field": "realcategories.1111.tournaments.56369.matches.1390710658.periods.ft.home",
      "old_value": null,
      "new_value": 1,
      "timestamp": "2025-10-27T09:56:26.212266"
    },
    {
      "field": "realcategories.1111.tournaments.56369.matches.1390710654.status._id",
      "old_value": 20,
      "new_value": 100,
      "timestamp": "2025-10-27T09:56:26.212270"
    },
    {
      "field": "realcategories.1111.tournaments.56369.matches.1390710659.status._id",
      "old_value": 20,
      "new_value": 100,
      "timestamp": "2025-10-27T09:56:26.212271"
    },
    {
      "field": "realcategories.1111.tournaments.56369.matches.1390710656.status.name",
      "old_value": "已开始",
      "new_value": "完场",
      "timestamp": "2025-10-27T09:56:26.212276"
    },
    {
      "field": "realcategories.1111.tournaments.56369.matches.1390710657.status.name",
      "old_value": "已开始",
      "new_value": "完场",
      "timestamp": "2025-10-27T09:56:26.212277"
    },
    {
      "field": "realcategories.1111.tournaments.56369.matches.1390710659.status.name",
      "old_value": "已开始",
      "new_value": "完场",
      "timestamp": "2025-10-27T09:56:26.212279"
    },
    {
      "field": "realcategories.1111.tournaments.56369.matches.1390710655.result.winner",
      "old_value": "home",
      "new_value": "away",
      "timestamp": "2025-10-27T09:56:26.212283"
    },
    {
      "field": "realcategories.1111.tournaments.56369.matches.1390710658.status.name",
      "old_value": "已开始",
      "new_value": "完场",
      "timestamp": "2025-10-27T09:56:26.212285"
    },
    {
      "field": "realcategories.1111.tournaments.56369.matches.1390710656.updated_uts",
      "old_value": 1761558952,
      "new_value": 1761558982,
      "timestamp": "2025-10-27T09:56:26.212289"
    },
    {
      "field": "realcategories.1111.tournaments.56369.matches.1390710661.status._id",
      "old_value": 20,
      "new_value": 100,
      "timestamp": "2025-10-27T09:56:26.212291"
    },
    {
      "field": "realcategories.1111.tournaments.56369.matches.1390710660.periods.ft.away",
      "old_value": null,
      "new_value": 1,
      "timestamp": "2025-10-27T09:56:26.212294"
    }
  ],
  "suspicious_fields": [],
  "final_snapshot": {
    "_doc": "sport",
    "_id": 1,
    "_sid": 1,
    "name": "足球",
    "realcategories.1111._doc": "realcategory",
    "realcategories.1111._id": 1111,
    "realcategories.1111._sid": 1,
    "realcategories.1111._rcid": 1111,
    "realcategories.1111.name": "虚拟足球",
    "realcategories.1111.cc": null,
    "realcategories.1111.tournaments.56369._doc": "tournament",
    "realcategories.1111.tournaments.56369._id": 56369,
    "realcategories.1111.tournaments.56369._sid": 1,
    "realcategories.1111.tournaments.56369._rcid": 1111,
    "realcategories.1111.tournaments.56369._isk": 1000,
    "realcategories.1111.tournaments.56369._tid": 56369,
    "realcategories.1111.tournaments.56369._utid": 14562,
    "realcategories.1111.tournaments.56369.name": "虚拟足球联赛模式 零售",
    "realcategories.1111.tournaments.56369.abbr": "VFLM",
    "realcategories.1111.tournaments.56369.ground": null,
    "realcategories.1111.tournaments.56369.friendly": false,
    "realcategories.1111.tournaments.56369.seasonid": 3015403,
    "realcategories.1111.tournaments.56369.currentseason": 3015403,
    "realcategories.1111.tournaments.56369.year": "21662",
    "realcategories.1111.tournaments.56369.seasontype": "21",
    "realcategories.1111.tournaments.56369.seasontypename": "小组第一阶段",
    "realcategories.1111.tournaments.56369.seasontypeunique": "6",
    "realcategories.1111.tournaments.56369.livetable": 9384049,
    "realcategories.1111.tournaments.56369.cuprosterid": null,
    "realcategories.1111.tournaments.56369.roundbyround": true,
    "realcategories.1111.tournaments.56369.tournamentlevelorder": null,
    "realcategories.1111.tournaments.56369.tournamentlevelname": null,
    "realcategories.1111.tournaments.56369.outdated": false,
    "realcategories.1111.tournaments.56369.matches.1390710654._doc": "match",
    "realcategories.1111.tournaments.56369.matches.1390710654._id": 1390710654,
    "realcategories.1111.tournaments.56369.matches.1390710654._sid": 1,
    "realcategories.1111.tournaments.56369.matches.1390710654._seasonid": 3015403,
    "realcategories.1111.tournaments.56369.matches.1390710654._rcid": 1111,
    "realcategories.1111.tournaments.56369.matches.1390710654._tid": 56369,
    "realcategories.1111.tournaments.56369.matches.1390710654._utid": 14562,
    "realcategories.1111.tournaments.56369.matches.1390710654._dt._doc": "time",
    "realcategories.1111.tournaments.56369.matches.1390710654._dt.time": "10:54",
    "realcategories.1111.tournaments.56369.matches.1390710654._dt.date": "27/10/25",
    "realcategories.1111.tournaments.56369.matches.1390710654._dt.tz": "CET",
    "realcategories.1111.tournaments.56369.matches.1390710654._dt.tzoffset": 3600,
    "realcategories.1111.tournaments.56369.matches.1390710654._dt.uts": 1761558857,
    "realcategories.1111.tournaments.56369.matches.1390710654.round": 14,
    "realcategories.1111.tournaments.56369.matches.1390710654.roundname._doc": "tableround",
    "realcategories.1111.tournaments.56369.matches.1390710654.roundname._id": 14,
    "realcategories.1111.tournaments.56369.matches.1390710654.roundname.name": 14,
    "realcategories.1111.tournaments.56369.matches.1390710654.coverage.lineup": 0,
    "realcategories.1111.tournaments.56369.matches.1390710654.coverage.formations": 0,
    "realcategories.1111.tournaments.56369.matches.1390710654.coverage.livetable": 0,
    "realcategories.1111.tournaments.56369.matches.1390710654.coverage.injuries": 0,
    "realcategories.1111.tournaments.56369.matches.1390710654.coverage.ballspotting": false,
    "realcategories.1111.tournaments.56369.matches.1390710654.coverage.cornersonly": false,
    "realcategories.1111.tournaments.56369.matches.1390710654.coverage.multicast": false,
    "realcategories.1111.tournaments.56369.matches.1390710654.coverage.scoutmatch": 0,
    "realcategories.1111.tournaments.56369.matches.1390710654.coverage.scoutcoveragestatus": 0,
    "realcategories.1111.tournaments.56369.matches.1390710654.coverage.liveodds": true,
    "realcategories.1111.tournaments.56369.matches.1390710654.coverage.deepercoverage": false,
    "realcategories.1111.tournaments.56369.matches.1390710654.coverage.tacticallineup": false,
    "realcategories.1111.tournaments.56369.matches.1390710654.coverage.basiclineup": true,
    "realcategories.1111.tournaments.56369.matches.1390710654.coverage.hasstats": true,
    "realcategories.1111.tournaments.56369.matches.1390710654.coverage.inlivescore": true,
    "realcategories.1111.tournaments.56369.matches.1390710654.coverage.advantage": null,
    "realcategories.1111.tournaments.56369.matches.1390710654.coverage.tiebreak": null,
    "realcategories.1111.tournaments.56369.matches.1390710654.coverage.penaltyshootout": 0,
    "realcategories.1111.tournaments.56369.matches.1390710654.coverage.scouttest": null,
    "realcategories.1111.tournaments.56369.matches.1390710654.coverage.lmtsupport": 3,
    "realcategories.1111.tournaments.56369.matches.1390710654.coverage.venue": false,
    "realcategories.1111.tournaments.56369.matches.1390710654.coverage.matchdatacomplete": false,
    "realcategories.1111.tournaments.56369.matches.1390710654.coverage.mediacoverage": true,
    "realcategories.1111.tournaments.56369.matches.1390710654.coverage.substitutions": false,
    "realcategories.1111.tournaments.56369.matches.1390710654.result.home": 1,
    "realcategories.1111.tournaments.56369.matches.1390710654.result.away": 3,
    "realcategories.1111.tournaments.56369.matches.1390710654.result.winner": "away",
    "realcategories.1111.tournaments.56369.matches.1390710654.periods.p1.home": 0,
    "realcategories.1111.tournaments.56369.matches.1390710654.periods.p1.away": 3,
    "realcategories.1111.tournaments.56369.matches.1390710654.periods.ft.home": 1,
    "realcategories.1111.tournaments.56369.matches.1390710654.periods.ft.away": 3,
    "realcategories.1111.tournaments.56369.matches.1390710654.updated_uts": 1761558983,
    "realcategories.1111.tournaments.56369.matches.1390710654.ended_uts": false,
    "realcategories.1111.tournaments.56369.matches.1390710654.p": "0",
    "realcategories.1111.tournaments.56369.matches.1390710654.ptime": 1761558983,
    "realcategories.1111.tournaments.56369.matches.1390710654.timeinfo.injurytime": null,
    "realcategories.1111.tournaments.56369.matches.1390710654.timeinfo.ended": null,
    "realcategories.1111.tournaments.56369.matches.1390710654.timeinfo.started": null,
    "realcategories.1111.tournaments.56369.matches.1390710654.timeinfo.played": null,
    "realcategories.1111.tournaments.56369.matches.1390710654.timeinfo.remaining": null,
    "realcategories.1111.tournaments.56369.matches.1390710654.timeinfo.running": false,
    "realcategories.1111.tournaments.56369.matches.1390710654.teams.home._doc": "team",
    "realcategories.1111.tournaments.56369.matches.1390710654.teams.home._id": 8982011,
    "realcategories.1111.tournaments.56369.matches.1390710654.teams.home._sid": 1,
    "realcategories.1111.tournaments.56369.matches.1390710654.teams.home.uid": 276511,
    "realcategories.1111.tournaments.56369.matches.1390710654.teams.home.name": "Brighton",
    "realcategories.1111.tournaments.56369.matches.1390710654.teams.home.mediumname": "Brighton",
    "realcategories.1111.tournaments.56369.matches.1390710654.teams.home.abbr": "BRI",
    "realcategories.1111.tournaments.56369.matches.1390710654.teams.home.nickname": null,
    "realcategories.1111.tournaments.56369.matches.1390710654.teams.home.iscountry": false,
    "realcategories.1111.tournaments.56369.matches.1390710654.teams.home.haslogo": true,
    "realcategories.1111.tournaments.56369.matches.1390710654.teams.away._doc": "team",
    "realcategories.1111.tournaments.56369.matches.1390710654.teams.away._id": 8982005,
    "realcategories.1111.tournaments.56369.matches.1390710654.teams.away._sid": 1,
    "realcategories.1111.tournaments.56369.matches.1390710654.teams.away.uid": 276505,
    "realcategories.1111.tournaments.56369.matches.1390710654.teams.away.name": "Tottenham",
    "realcategories.1111.tournaments.56369.matches.1390710654.teams.away.mediumname": "Tottenham",
    "realcategories.1111.tournaments.56369.matches.1390710654.teams.away.abbr": "TOT",
    "realcategories.1111.tournaments.56369.matches.1390710654.teams.away.nickname": null,
    "realcategories.1111.tournaments.56369.matches.1390710654.teams.away.iscountry": false,
    "realcategories.1111.tournaments.56369.matches.1390710654.teams.away.haslogo": true,
    "realcategories.1111.tournaments.56369.matches.1390710654.status._doc": "status",
    "realcategories.1111.tournaments.56369.matches.1390710654.status._id": 100,
    "realcategories.1111.tournaments.56369.matches.1390710654.status.name": "完场",
    "realcategories.1111.tournaments.56369.matches.1390710654.removed": false,
    "realcategories.1111.tournaments.56369.matches.1390710654.facts": false,
    "realcategories.1111.tournaments.56369.matches.1390710654.localderby": false,
    "realcategories.1111.tournaments.56369.matches.1390710654.matchstatus": "recentlyended",
    "realcategories.1111.tournaments.56369.matches.1390710654.postponed": false,
    "realcategories.1111.tournaments.56369.matches.1390710654.cancelled": false,
    "realcategories.1111.tournaments.56369.matches.1390710654.walkover": false,
    "realcategories.1111.tournaments.56369.matches.1390710654.hf": 0,
    "realcategories.1111.tournaments.56369.matches.1390710654.periodlength": 45,
    "realcategories.1111.tournaments.56369.matches.1390710654.numberofperiods": 2,
    "realcategories.1111.tournaments.56369.matches.1390710654.overtimelength": 15,
    "realcategories.1111.tournaments.56369.matches.1390710654.tobeannounced": false,
    "realcategories.1111.tournaments.56369.matches.1390710654.1st_goal": "away",
    "realcategories.1111.tournaments.56369.matches.1390710655._doc": "match",
    "realcategories.1111.tournaments.56369.matches.1390710655._id": 1390710655,
    "realcategories.1111.tournaments.56369.matches.1390710655._sid": 1,
    "realcategories.1111.tournaments.56369.matches.1390710655._seasonid": 3015403,
    "realcategories.1111.tournaments.56369.matches.1390710655._rcid": 1111,
    "realcategories.1111.tournaments.56369.matches.1390710655._tid": 56369,
    "realcategories.1111.tournaments.56369.matches.1390710655._utid": 14562,
    "realcategories.1111.tournaments.56369.matches.1390710655._dt._doc": "time",
    "realcategories.1111.tournaments.56369.matches.1390710655._dt.time": "10:54",
    "realcategories.1111.tournaments.56369.matches.1390710655._dt.date": "27/10/25",
    "realcategories.1111.tournaments.56369.matches.1390710655._dt.tz": "CET",
    "realcategories.1111.tournaments.56369.matches.1390710655._dt.tzoffset": 3600,
    "realcategories.1111.tournaments.56369.matches.1390710655._dt.uts": 1761558857,
    "realcategories.1111.tournaments.56369.matches.1390710655.round": 14,
    "realcategories.1111.tournaments.56369.matches.1390710655.roundname._doc": "tableround",
    "realcategories.1111.tournaments.56369.matches.1390710655.roundname._id": 14,
    "realcategories.1111.tournaments.56369.matches.1390710655.roundname.name": 14,
    "realcategories.1111.tournaments.56369.matches.1390710655.coverage.lineup": 0,
    "realcategories.1111.tournaments.56369.matches.1390710655.coverage.formations": 0,
    "realcategories.1111.tournaments.56369.matches.1390710655.coverage.livetable": 0,
    "realcategories.1111.tournaments.56369.matches.1390710655.coverage.injuries": 0,
    "realcategories.1111.tournaments.56369.matches.1390710655.coverage.ballspotting": false,
    "realcategories.1111.tournaments.56369.matches.1390710655.coverage.cornersonly": false,
    "realcategories.1111.tournaments.56369.matches.1390710655.coverage.multicast": false,
    "realcategories.1111.tournaments.56369.matches.1390710655.coverage.scoutmatch": 0,
    "realcategories.1111.tournaments.56369.matches.1390710655.coverage.scoutcoveragestatus": 0,
    "realcategories.1111.tournaments.56369.matches.1390710655.coverage.liveodds": true,
    "realcategories.1111.tournaments.56369.matches.1390710655.coverage.deepercoverage": false,
    "realcategories.1111.tournaments.56369.matches.1390710655.coverage.tacticallineup": false,
    "realcategories.1111.tournaments.56369.matches.1390710655.coverage.basiclineup": true,
    "realcategories.1111.tournaments.56369.matches.1390710655.coverage.hasstats": true,
    "realcategories.1111.tournaments.56369.matches.1390710655.coverage.inlivescore": true,
    "realcategories.1111.tournaments.56369.matches.1390710655.coverage.advantage": null,
    "realcategories.1111.tournaments.56369.matches.1390710655.coverage.tiebreak": null,
    "realcategories.1111.tournaments.56369.matches.1390710655.coverage.penaltyshootout": 0,
    "realcategories.1111.tournaments.56369.matches.1390710655.coverage.scouttest": null,
    "realcategories.1111.tournaments.56369.matches.1390710655.coverage.lmtsupport": 3,
    "realcategories.1111.tournaments.56369.matches.1390710655.coverage.venue": false,
    "realcategories.1111.tournaments.56369.matches.1390710655.coverage.matchdatacomplete": false,
    "realcategories.1111.tournaments.56369.matches.1390710655.coverage.mediacoverage": true,
    "realcategories.1111.tournaments.56369.matches.1390710655.coverage.substitutions": false,
    "realcategories.1111.tournaments.56369.matches.1390710655.result.home": 1,
    "realcategories.1111.tournaments.56369.matches.1390710655.result.away": 2,
    "realcategories.1111.tournaments.56369.matches.1390710655.result.winner": "away",
    "realcategories.1111.tournaments.56369.matches.1390710655.periods.p1.home": 1,
    "realcategories.1111.tournaments.56369.matches.1390710655.periods.p1.away": 0,
    "realcategories.1111.tournaments.56369.matches.1390710655.periods.ft.home": 1,
    "realcategories.1111.tournaments.56369.matches.1390710655.periods.ft.away": 2,
    "realcategories.1111.tournaments.56369.matches.1390710655.updated_uts": 1761558982,
    "realcategories.1111.tournaments.56369.matches.1390710655.ended_uts": false,
    "realcategories.1111.tournaments.56369.matches.1390710655.p": "0",
    "realcategories.1111.tournaments.56369.matches.1390710655.ptime": 1761558982,
    "realcategories.1111.tournaments.56369.matches.1390710655.timeinfo.injurytime": null,
    "realcategories.1111.tournaments.56369.matches.1390710655.timeinfo.ended": null,
    "realcategories.1111.tournaments.56369.matches.1390710655.timeinfo.started": null,
    "realcategories.1111.tournaments.56369.matches.1390710655.timeinfo.played": null,
    "realcategories.1111.tournaments.56369.matches.1390710655.timeinfo.remaining": null,
    "realcategories.1111.tournaments.56369.matches.1390710655.timeinfo.running": false,
    "realcategories.1111.tournaments.56369.matches.1390710655.teams.home._doc": "team",
    "realcategories.1111.tournaments.56369.matches.1390710655.teams.home._id": 8982014,
    "realcategories.1111.tournaments.56369.matches.1390710655.teams.home._sid": 1,
    "realcategories.1111.tournaments.56369.matches.1390710655.teams.home.uid": 276514,
    "realcategories.1111.tournaments.56369.matches.1390710655.teams.home.name": "Wolverhampton",
    "realcategories.1111.tournaments.56369.matches.1390710655.teams.home.mediumname": "Wolverhampton",
    "realcategories.1111.tournaments.56369.matches.1390710655.teams.home.abbr": "WOL",
    "realcategories.1111.tournaments.56369.matches.1390710655.teams.home.nickname": null,
    "realcategories.1111.tournaments.56369.matches.1390710655.teams.home.iscountry": false,
    "realcategories.1111.tournaments.56369.matches.1390710655.teams.home.haslogo": true,
    "realcategories.1111.tournaments.56369.matches.1390710655.teams.away._doc": "team",
    "realcategories.1111.tournaments.56369.matches.1390710655.teams.away._id": 8982009,
    "realcategories.1111.tournaments.56369.matches.1390710655.teams.away._sid": 1,
    "realcategories.1111.tournaments.56369.matches.1390710655.teams.away.uid": 276509,
    "realcategories.1111.tournaments.56369.matches.1390710655.teams.away.name": "Crystal Palace",
    "realcategories.1111.tournaments.56369.matches.1390710655.teams.away.mediumname": "Crystal Palace",
    "realcategories.1111.tournaments.56369.matches.1390710655.teams.away.abbr": "CRY",
    "realcategories.1111.tournaments.56369.matches.1390710655.teams.away.nickname": null,
    "realcategories.1111.tournaments.56369.matches.1390710655.teams.away.iscountry": false,
    "realcategories.1111.tournaments.56369.matches.1390710655.teams.away.haslogo": true,
    "realcategories.1111.tournaments.56369.matches.1390710655.status._doc": "status",
    "realcategories.1111.tournaments.56369.matches.1390710655.status._id": 100,
    "realcategories.1111.tournaments.56369.matches.1390710655.status.name": "完场",
    "realcategories.1111.tournaments.56369.matches.1390710655.removed": false,
    "realcategories.1111.tournaments.56369.matches.1390710655.facts": false,
    "realcategories.1111.tournaments.56369.matches.1390710655.localderby": false,
    "realcategories.1111.tournaments.56369.matches.1390710655.matchstatus": "recentlyended",
    "realcategories.1111.tournaments.56369.matches.1390710655.postponed": false,
    "realcategories.1111.tournaments.56369.matches.1390710655.cancelled": false,
    "realcategories.1111.tournaments.56369.matches.1390710655.walkover": false,
    "realcategories.1111.tournaments.56369.matches.1390710655.hf": 0,
    "realcategories.1111.tournaments.56369.matches.1390710655.periodlength": 45,
    "realcategories.1111.tournaments.56369.matches.1390710655.numberofperiods": 2,
    "realcategories.1111.tournaments.56369.matches.1390710655.overtimelength": 15,
    "realcategories.1111.tournaments.56369.matches.1390710655.tobeannounced": false,
    "realcategories.1111.tournaments.56369.matches.1390710655.1st_goal": "home",
    "realcategories.1111.tournaments.56369.matches.1390710656._doc": "match",
    "realcategories.1111.tournaments.56369.matches.1390710656._id": 1390710656,
    "realcategories.1111.tournaments.56369.matches.1390710656._sid": 1,
    "realcategories.1111.tournaments.56369.matches.1390710656._seasonid": 3015403,
    "realcategories.1111.tournaments.56369.matches.1390710656._rcid": 1111,
    "realcategories.1111.tournaments.56369.matches.1390710656._tid": 56369,
    "realcategories.1111.tournaments.56369.matches.1390710656._utid": 14562,
    "realcategories.1111.tournaments.56369.matches.1390710656._dt._doc": "time",
    "realcategories.1111.tournaments.56369.matches.1390710656._dt.time": "10:54",
    "realcategories.1111.tournaments.56369.matches.1390710656._dt.date": "27/10/25",
    "realcategories.1111.tournaments.56369.matches.1390710656._dt.tz": "CET",
    "realcategories.1111.tournaments.56369.matches.1390710656._dt.tzoffset": 3600,
    "realcategories.1111.tournaments.56369.matches.1390710656._dt.uts": 1761558857,
    "realcategories.1111.tournaments.56369.matches.1390710656.round": 14,
    "realcategories.1111.tournaments.56369.matches.1390710656.roundname._doc": "tableround",
    "realcategories.1111.tournaments.56369.matches.1390710656.roundname._id": 14,
    "realcategories.1111.tournaments.56369.matches.1390710656.roundname.name": 14,
    "realcategories.1111.tournaments.56369.matches.1390710656.coverage.lineup": 0,
    "realcategories.1111.tournaments.56369.matches.1390710656.coverage.formations": 0,
    "realcategories.1111.tournaments.56369.matches.1390710656.coverage.livetable": 0,
    "realcategories.1111.tournaments.56369.matches.1390710656.coverage.injuries": 0,
    "realcategories.1111.tournaments.56369.matches.1390710656.coverage.ballspotting": false,
    "realcategories.1111.tournaments.56369.matches.1390710656.coverage.cornersonly": false,
    "realcategories.1111.tournaments.56369.matches.1390710656.coverage.multicast": false,
    "realcategories.1111.tournaments.56369.matches.1390710656.coverage.scoutmatch": 0,
    "realcategories.1111.tournaments.56369.matches.1390710656.coverage.scoutcoveragestatus": 0,
    "realcategories.1111.tournaments.56369.matches.1390710656.coverage.liveodds": true,
    "realcategories.1111.tournaments.56369.matches.1390710656.coverage.deepercoverage": false,
    "realcategories.1111.tournaments.56369.matches.1390710656.coverage.tacticallineup": false,
    "realcategories.1111.tournaments.56369.matches.1390710656.coverage.basiclineup": true,
    "realcategories.1111.tournaments.56369.matches.1390710656.coverage.hasstats": true,
    "realcategories.1111.tournaments.56369.matches.1390710656.coverage.inlivescore": true,
    "realcategories.1111.tournaments.56369.matches.1390710656.coverage.advantage": null,
    "realcategories.1111.tournaments.56369.matches.1390710656.coverage.tiebreak": null,
    "realcategories.1111.tournaments.56369.matches.1390710656.coverage.penaltyshootout": 0,
    "realcategories.1111.tournaments.56369.matches.1390710656.coverage.scouttest": null,
    "realcategories.1111.tournaments.56369.matches.1390710656.coverage.lmtsupport": 3,
    "realcategories.1111.tournaments.56369.matches.1390710656.coverage.venue": false,
    "realcategories.1111.tournaments.56369.matches.1390710656.coverage.matchdatacomplete": false,
    "realcategories.1111.tournaments.56369.matches.1390710656.coverage.mediacoverage": true,
    "realcategories.1111.tournaments.56369.matches.1390710656.coverage.substitutions": false,
    "realcategories.1111.tournaments.56369.matches.1390710656.result.home": 2,
    "realcategories.1111.tournaments.56369.matches.1390710656.result.away": 1,
    "realcategories.1111.tournaments.56369.matches.1390710656.result.winner": "home",
    "realcategories.1111.tournaments.56369.matches.1390710656.periods.p1.home": 0,
    "realcategories.1111.tournaments.56369.matches.1390710656.periods.p1.away": 0,
    "realcategories.1111.tournaments.56369.matches.1390710656.periods.ft.home": 2,
    "realcategories.1111.tournaments.56369.matches.1390710656.periods.ft.away": 1,
    "realcategories.1111.tournaments.56369.matches.1390710656.updated_uts": 1761558982,
    "realcategories.1111.tournaments.56369.matches.1390710656.ended_uts": false,
    "realcategories.1111.tournaments.56369.matches.1390710656.p": "0",
    "realcategories.1111.tournaments.56369.matches.1390710656.ptime": 1761558982,
    "realcategories.1111.tournaments.56369.matches.1390710656.timeinfo.injurytime": null,
    "realcategories.1111.tournaments.56369.matches.1390710656.timeinfo.ended": null,
    "realcategories.1111.tournaments.56369.matches.1390710656.timeinfo.started": null,
    "realcategories.1111.tournaments.56369.matches.1390710656.timeinfo.played": null,
    "realcategories.1111.tournaments.56369.matches.1390710656.timeinfo.remaining": null,
    "realcategories.1111.tournaments.56369.matches.1390710656.timeinfo.running": false,
    "realcategories.1111.tournaments.56369.matches.1390710656.teams.home._doc": "team",
    "realcategories.1111.tournaments.56369.matches.1390710656.teams.home._id": 8982010,
    "realcategories.1111.tournaments.56369.matches.1390710656.teams.home._sid": 1,
    "realcategories.1111.tournaments.56369.matches.1390710656.teams.home.uid": 276510,
    "realcategories.1111.tournaments.56369.matches.1390710656.teams.home.name": "Manchester Kék",
    "realcategories.1111.tournaments.56369.matches.1390710656.teams.home.mediumname": "Manchester Kék",
    "realcategories.1111.tournaments.56369.matches.1390710656.teams.home.abbr": "MAK",
    "realcategories.1111.tournaments.56369.matches.1390710656.teams.home.nickname": null,
    "realcategories.1111.tournaments.56369.matches.1390710656.teams.home.iscountry": false,
    "realcategories.1111.tournaments.56369.matches.1390710656.teams.home.haslogo": true,
    "realcategories.1111.tournaments.56369.matches.1390710656.teams.away._doc": "team",
    "realcategories.1111.tournaments.56369.matches.1390710656.teams.away._id": 8982015,
    "realcategories.1111.tournaments.56369.matches.1390710656.teams.away._sid": 1,
    "realcategories.1111.tournaments.56369.matches.1390710656.teams.away.uid": 276515,
    "realcategories.1111.tournaments.56369.matches.1390710656.teams.away.name": "West Ham",
    "realcategories.1111.tournaments.56369.matches.1390710656.teams.away.mediumname": "West Ham",
    "realcategories.1111.tournaments.56369.matches.1390710656.teams.away.abbr": "WHU",
    "realcategories.1111.tournaments.56369.matches.1390710656.teams.away.nickname": null,
    "realcategories.1111.tournaments.56369.matches.1390710656.teams.away.iscountry": false,
    "realcategories.1111.tournaments.56369.matches.1390710656.teams.away.haslogo": true,
    "realcategories.1111.tournaments.56369.matches.1390710656.status._doc": "status",
    "realcategories.1111.tournaments.56369.matches.1390710656.status._id": 100,
    "realcategories.1111.tournaments.56369.matches.1390710656.status.name": "完场",
    "realcategories.1111.tournaments.56369.matches.1390710656.removed": false,
    "realcategories.1111.tournaments.56369.matches.1390710656.facts": false,
    "realcategories.1111.tournaments.56369.matches.1390710656.localderby": false,
    "realcategories.1111.tournaments.56369.matches.1390710656.matchstatus": "recentlyended",
    "realcategories.1111.tournaments.56369.matches.1390710656.postponed": false,
    "realcategories.1111.tournaments.56369.matches.1390710656.cancelled": false,
    "realcategories.1111.tournaments.56369.matches.1390710656.walkover": false,
    "realcategories.1111.tournaments.56369.matches.1390710656.hf": 0,
    "realcategories.1111.tournaments.56369.matches.1390710656.periodlength": 45,
    "realcategories.1111.tournaments.56369.matches.1390710656.numberofperiods": 2,
    "realcategories.1111.tournaments.56369.matches.1390710656.overtimelength": 15,
    "realcategories.1111.tournaments.56369.matches.1390710656.tobeannounced": false,
    "realcategories.1111.tournaments.56369.matches.1390710656.1st_goal": "home",
    "realcategories.1111.tournaments.56369.matches.1390710657._doc": "match",
    "realcategories.1111.tournaments.56369.matches.1390710657._id": 1390710657,
    "realcategories.1111.tournaments.56369.matches.1390710657._sid": 1,
    "realcategories.1111.tournaments.56369.matches.1390710657._seasonid": 3015403,
    "realcategories.1111.tournaments.56369.matches.1390710657._rcid": 1111,
    "realcategories.1111.tournaments.56369.matches.1390710657._tid": 56369,
    "realcategories.1111.tournaments.56369.matches.1390710657._utid": 14562,
    "realcategories.1111.tournaments.56369.matches.1390710657._dt._doc": "time",
    "realcategories.1111.tournaments.56369.matches.1390710657._dt.time": "10:54",
    "realcategories.1111.tournaments.56369.matches.1390710657._dt.date": "27/10/25",
    "realcategories.1111.tournaments.56369.matches.1390710657._dt.tz": "CET",
    "realcategories.1111.tournaments.56369.matches.1390710657._dt.tzoffset": 3600,
    "realcategories.1111.tournaments.56369.matches.1390710657._dt.uts": 1761558857,
    "realcategories.1111.tournaments.56369.matches.1390710657.round": 14,
    "realcategories.1111.tournaments.56369.matches.1390710657.roundname._doc": "tableround",
    "realcategories.1111.tournaments.56369.matches.1390710657.roundname._id": 14,
    "realcategories.1111.tournaments.56369.matches.1390710657.roundname.name": 14,
    "realcategories.1111.tournaments.56369.matches.1390710657.coverage.lineup": 0,
    "realcategories.1111.tournaments.56369.matches.1390710657.coverage.formations": 0,
    "realcategories.1111.tournaments.56369.matches.1390710657.coverage.livetable": 0,
    "realcategories.1111.tournaments.56369.matches.1390710657.coverage.injuries": 0,
    "realcategories.1111.tournaments.56369.matches.1390710657.coverage.ballspotting": false,
    "realcategories.1111.tournaments.56369.matches.1390710657.coverage.cornersonly": false,
    "realcategories.1111.tournaments.56369.matches.1390710657.coverage.multicast": false,
    "realcategories.1111.tournaments.56369.matches.1390710657.coverage.scoutmatch": 0,
    "realcategories.1111.tournaments.56369.matches.1390710657.coverage.scoutcoveragestatus": 0,
    "realcategories.1111.tournaments.56369.matches.1390710657.coverage.liveodds": true,
    "realcategories.1111.tournaments.56369.matches.1390710657.coverage.deepercoverage": false,
    "realcategories.1111.tournaments.56369.matches.1390710657.coverage.tacticallineup": false,
    "realcategories.1111.tournaments.56369.matches.1390710657.coverage.basiclineup": true,
    "realcategories.1111.tournaments.56369.matches.1390710657.coverage.hasstats": true,
    "realcategories.1111.tournaments.56369.matches.1390710657.coverage.inlivescore": true,
    "realcategories.1111.tournaments.56369.matches.1390710657.coverage.advantage": null,
    "realcategories.1111.tournaments.56369.matches.1390710657.coverage.tiebreak": null,
    "realcategories.1111.tournaments.56369.matches.1390710657.coverage.penaltyshootout": 0,
    "realcategories.1111.tournaments.56369.matches.1390710657.coverage.scouttest": null,
    "realcategories.1111.tournaments.56369.matches.1390710657.coverage.lmtsupport": 3,
    "realcategories.1111.tournaments.56369.matches.1390710657.coverage.venue": false,
    "realcategories.1111.tournaments.56369.matches.1390710657.coverage.matchdatacomplete": false,
    "realcategories.1111.tournaments.56369.matches.1390710657.coverage.mediacoverage": true,
    "realcategories.1111.tournaments.56369.matches.1390710657.coverage.substitutions": false,
    "realcategories.1111.tournaments.56369.matches.1390710657.result.home": 1,
    "realcategories.1111.tournaments.56369.matches.1390710657.result.away": 1,
    "realcategories.1111.tournaments.56369.matches.1390710657.result.winner": null,
    "realcategories.1111.tournaments.56369.matches.1390710657.periods.p1.home": 1,
    "realcategories.1111.tournaments.56369.matches.1390710657.periods.p1.away": 1,
    "realcategories.1111.tournaments.56369.matches.1390710657.periods.ft.home": 1,
    "realcategories.1111.tournaments.56369.matches.1390710657.periods.ft.away": 1,
    "realcategories.1111.tournaments.56369.matches.1390710657.updated_uts": 1761558983,
    "realcategories.1111.tournaments.56369.matches.1390710657.ended_uts": false,
    "realcategories.1111.tournaments.56369.matches.1390710657.p": "0",
    "realcategories.1111.tournaments.56369.matches.1390710657.ptime": 1761558983,
    "realcategories.1111.tournaments.56369.matches.1390710657.timeinfo.injurytime": null,
    "realcategories.1111.tournaments.56369.matches.1390710657.timeinfo.ended": null,
    "realcategories.1111.tournaments.56369.matches.1390710657.timeinfo.started": null,
    "realcategories.1111.tournaments.56369.matches.1390710657.timeinfo.played": null,
    "realcategories.1111.tournaments.56369.matches.1390710657.timeinfo.remaining": null,
    "realcategories.1111.tournaments.56369.matches.1390710657.timeinfo.running": false,
    "realcategories.1111.tournaments.56369.matches.1390710657.teams.home._doc": "team",
    "realcategories.1111.tournaments.56369.matches.1390710657.teams.home._id": 8982008,
    "realcategories.1111.tournaments.56369.matches.1390710657.teams.home._sid": 1,
    "realcategories.1111.tournaments.56369.matches.1390710657.teams.home.uid": 276508,
    "realcategories.1111.tournaments.56369.matches.1390710657.teams.home.name": "Chelsea",
    "realcategories.1111.tournaments.56369.matches.1390710657.teams.home.mediumname": "Chelsea",
    "realcategories.1111.tournaments.56369.matches.1390710657.teams.home.abbr": "CHE",
    "realcategories.1111.tournaments.56369.matches.1390710657.teams.home.nickname": null,
    "realcategories.1111.tournaments.56369.matches.1390710657.teams.home.iscountry": false,
    "realcategories.1111.tournaments.56369.matches.1390710657.teams.home.haslogo": true,
    "realcategories.1111.tournaments.56369.matches.1390710657.teams.away._doc": "team",
    "realcategories.1111.tournaments.56369.matches.1390710657.teams.away._id": 8982002,
    "realcategories.1111.tournaments.56369.matches.1390710657.teams.away._sid": 1,
    "realcategories.1111.tournaments.56369.matches.1390710657.teams.away.uid": 276502,
    "realcategories.1111.tournaments.56369.matches.1390710657.teams.away.name": "Vörös Ördögök",
    "realcategories.1111.tournaments.56369.matches.1390710657.teams.away.mediumname": "Vörös Ördögök",
    "realcategories.1111.tournaments.56369.matches.1390710657.teams.away.abbr": "VOR",
    "realcategories.1111.tournaments.56369.matches.1390710657.teams.away.nickname": null,
    "realcategories.1111.tournaments.56369.matches.1390710657.teams.away.iscountry": false,
    "realcategories.1111.tournaments.56369.matches.1390710657.teams.away.haslogo": true,
    "realcategories.1111.tournaments.56369.matches.1390710657.status._doc": "status",
    "realcategories.1111.tournaments.56369.matches.1390710657.status._id": 100,
    "realcategories.1111.tournaments.56369.matches.1390710657.status.name": "完场",
    "realcategories.1111.tournaments.56369.matches.1390710657.removed": false,
    "realcategories.1111.tournaments.56369.matches.1390710657.facts": false,
    "realcategories.1111.tournaments.56369.matches.1390710657.localderby": false,
    "realcategories.1111.tournaments.56369.matches.1390710657.matchstatus": "recentlyended",
    "realcategories.1111.tournaments.56369.matches.1390710657.postponed": false,
    "realcategories.1111.tournaments.56369.matches.1390710657.cancelled": false,
    "realcategories.1111.tournaments.56369.matches.1390710657.walkover": false,
    "realcategories.1111.tournaments.56369.matches.1390710657.hf": 0,
    "realcategories.1111.tournaments.56369.matches.1390710657.periodlength": 45,
    "realcategories.1111.tournaments.56369.matches.1390710657.numberofperiods": 2,
    "realcategories.1111.tournaments.56369.matches.1390710657.overtimelength": 15,
    "realcategories.1111.tournaments.56369.matches.1390710657.tobeannounced": false,
    "realcategories.1111.tournaments.56369.matches.1390710657.1st_goal": "home",
    "realcategories.1111.tournaments.56369.matches.1390710658._doc": "match",
    "realcategories.1111.tournaments.56369.matches.1390710658._id": 1390710658,
    "realcategories.1111.tournaments.56369.matches.1390710658._sid": 1,
    "realcategories.1111.tournaments.56369.matches.1390710658._seasonid": 3015403,
    "realcategories.1111.tournaments.56369.matches.1390710658._rcid": 1111,
    "realcategories.1111.tournaments.56369.matches.1390710658._tid": 56369,
    "realcategories.1111.tournaments.56369.matches.1390710658._utid": 14562,
    "realcategories.1111.tournaments.56369.matches.1390710658._dt._doc": "time",
    "realcategories.1111.tournaments.56369.matches.1390710658._dt.time": "10:54",
    "realcategories.1111.tournaments.56369.matches.1390710658._dt.date": "27/10/25",
    "realcategories.1111.tournaments.56369.matches.1390710658._dt.tz": "CET",
    "realcategories.1111.tournaments.56369.matches.1390710658._dt.tzoffset": 3600,
    "realcategories.1111.tournaments.56369.matches.1390710658._dt.uts": 1761558857,
    "realcategories.1111.tournaments.56369.matches.1390710658.round": 14,
    "realcategories.1111.tournaments.56369.matches.1390710658.roundname._doc": "tableround",
    "realcategories.1111.tournaments.56369.matches.1390710658.roundname._id": 14,
    "realcategories.1111.tournaments.56369.matches.1390710658.roundname.name": 14,
    "realcategories.1111.tournaments.56369.matches.1390710658.coverage.lineup": 0,
    "realcategories.1111.tournaments.56369.matches.1390710658.coverage.formations": 0,
    "realcategories.1111.tournaments.56369.matches.1390710658.coverage.livetable": 0,
    "realcategories.1111.tournaments.56369.matches.1390710658.coverage.injuries": 0,
    "realcategories.1111.tournaments.56369.matches.1390710658.coverage.ballspotting": false,
    "realcategories.1111.tournaments.56369.matches.1390710658.coverage.cornersonly": false,
    "realcategories.1111.tournaments.56369.matches.1390710658.coverage.multicast": false,
    "realcategories.1111.tournaments.56369.matches.1390710658.coverage.scoutmatch": 0,
    "realcategories.1111.tournaments.56369.matches.1390710658.coverage.scoutcoveragestatus": 0,
    "realcategories.1111.tournaments.56369.matches.1390710658.coverage.liveodds": true,
    "realcategories.1111.tournaments.56369.matches.1390710658.coverage.deepercoverage": false,
    "realcategories.1111.tournaments.56369.matches.1390710658.coverage.tacticallineup": false,
    "realcategories.1111.tournaments.56369.matches.1390710658.coverage.basiclineup": true,
    "realcategories.1111.tournaments.56369.matches.1390710658.coverage.hasstats": true,
    "realcategories.1111.tournaments.56369.matches.1390710658.coverage.inlivescore": true,
    "realcategories.1111.tournaments.56369.matches.1390710658.coverage.advantage": null,
    "realcategories.1111.tournaments.56369.matches.1390710658.coverage.tiebreak": null,
    "realcategories.1111.tournaments.56369.matches.1390710658.coverage.penaltyshootout": 0,
    "realcategories.1111.tournaments.56369.matches.1390710658.coverage.scouttest": null,
    "realcategories.1111.tournaments.56369.matches.1390710658.coverage.lmtsupport": 3,
    "realcategories.1111.tournaments.56369.matches.1390710658.coverage.venue": false,
    "realcategories.1111.tournaments.56369.matches.1390710658.coverage.matchdatacomplete": false,
    "realcategories.1111.tournaments.56369.matches.1390710658.coverage.mediacoverage": true,
    "realcategories.1111.tournaments.56369.matches.1390710658.coverage.substitutions": false,
    "realcategories.1111.tournaments.56369.matches.1390710658.result.home": 1,
    "realcategories.1111.tournaments.56369.matches.1390710658.result.away": 0,
    "realcategories.1111.tournaments.56369.matches.1390710658.result.winner": "home",
    "realcategories.1111.tournaments.56369.matches.1390710658.periods.p1.home": 1,
    "realcategories.1111.tournaments.56369.matches.1390710658.periods.p1.away": 0,
    "realcategories.1111.tournaments.56369.matches.1390710658.periods.ft.home": 1,
    "realcategories.1111.tournaments.56369.matches.1390710658.periods.ft.away": 0,
    "realcategories.1111.tournaments.56369.matches.1390710658.updated_uts": 1761558982,
    "realcategories.1111.tournaments.56369.matches.1390710658.ended_uts": false,
    "realcategories.1111.tournaments.56369.matches.1390710658.p": "0",
    "realcategories.1111.tournaments.56369.matches.1390710658.ptime": 1761558982,
    "realcategories.1111.tournaments.56369.matches.1390710658.timeinfo.injurytime": null,
    "realcategories.1111.tournaments.56369.matches.1390710658.timeinfo.ended": null,
    "realcategories.1111.tournaments.56369.matches.1390710658.timeinfo.started": null,
    "realcategories.1111.tournaments.56369.matches.1390710658.timeinfo.played": null,
    "realcategories.1111.tournaments.56369.matches.1390710658.timeinfo.remaining": null,
    "realcategories.1111.tournaments.56369.matches.1390710658.timeinfo.running": false,
    "realcategories.1111.tournaments.56369.matches.1390710658.teams.home._doc": "team",
    "realcategories.1111.tournaments.56369.matches.1390710658.teams.home._id": 8982007,
    "realcategories.1111.tournaments.56369.matches.1390710658.teams.home._sid": 1,
    "realcategories.1111.tournaments.56369.matches.1390710658.teams.home.uid": 276507,
    "realcategories.1111.tournaments.56369.matches.1390710658.teams.home.name": "Liverpool",
    "realcategories.1111.tournaments.56369.matches.1390710658.teams.home.mediumname": "Liverpool",
    "realcategories.1111.tournaments.56369.matches.1390710658.teams.home.abbr": "LIV",
    "realcategories.1111.tournaments.56369.matches.1390710658.teams.home.nickname": null,
    "realcategories.1111.tournaments.56369.matches.1390710658.teams.home.iscountry": false,
    "realcategories.1111.tournaments.56369.matches.1390710658.teams.home.haslogo": true,
    "realcategories.1111.tournaments.56369.matches.1390710658.teams.away._doc": "team",
    "realcategories.1111.tournaments.56369.matches.1390710658.teams.away._id": 8982012,
    "realcategories.1111.tournaments.56369.matches.1390710658.teams.away._sid": 1,
    "realcategories.1111.tournaments.56369.matches.1390710658.teams.away.uid": 276512,
    "realcategories.1111.tournaments.56369.matches.1390710658.teams.away.name": "Newcastle",
    "realcategories.1111.tournaments.56369.matches.1390710658.teams.away.mediumname": "Newcastle",
    "realcategories.1111.tournaments.56369.matches.1390710658.teams.away.abbr": "NEW",
    "realcategories.1111.tournaments.56369.matches.1390710658.teams.away.nickname": null,
    "realcategories.1111.tournaments.56369.matches.1390710658.teams.away.iscountry": false,
    "realcategories.1111.tournaments.56369.matches.1390710658.teams.away.haslogo": true,
    "realcategories.1111.tournaments.56369.matches.1390710658.status._doc": "status",
    "realcategories.1111.tournaments.56369.matches.1390710658.status._id": 100,
    "realcategories.1111.tournaments.56369.matches.1390710658.status.name": "完场",
    "realcategories.1111.tournaments.56369.matches.1390710658.removed": false,
    "realcategories.1111.tournaments.56369.matches.1390710658.facts": false,
    "realcategories.1111.tournaments.56369.matches.1390710658.localderby": false,
    "realcategories.1111.tournaments.56369.matches.1390710658.matchstatus": "recentlyended",
    "realcategories.1111.tournaments.56369.matches.1390710658.postponed": false,
    "realcategories.1111.tournaments.56369.matches.1390710658.cancelled": false,
    "realcategories.1111.tournaments.56369.matches.1390710658.walkover": false,
    "realcategories.1111.tournaments.56369.matches.1390710658.hf": 0,
    "realcategories.1111.tournaments.56369.matches.1390710658.periodlength": 45,
    "realcategories.1111.tournaments.56369.matches.1390710658.numberofperiods": 2,
    "realcategories.1111.tournaments.56369.matches.1390710658.overtimelength": 15,
    "realcategories.1111.tournaments.56369.matches.1390710658.tobeannounced": false,
    "realcategories.1111.tournaments.56369.matches.1390710658.1st_goal": "home",
    "realcategories.1111.tournaments.56369.matches.1390710659._doc": "match",
    "realcategories.1111.tournaments.56369.matches.1390710659._id": 1390710659,
    "realcategories.1111.tournaments.56369.matches.1390710659._sid": 1,
    "realcategories.1111.tournaments.56369.matches.1390710659._seasonid": 3015403,
    "realcategories.1111.tournaments.56369.matches.1390710659._rcid": 1111,
    "realcategories.1111.tournaments.56369.matches.1390710659._tid": 56369,
    "realcategories.1111.tournaments.56369.matches.1390710659._utid": 14562,
    "realcategories.1111.tournaments.56369.matches.1390710659._dt._doc": "time",
    "realcategories.1111.tournaments.56369.matches.1390710659._dt.time": "10:54",
    "realcategories.1111.tournaments.56369.matches.1390710659._dt.date": "27/10/25",
    "realcategories.1111.tournaments.56369.matches.1390710659._dt.tz": "CET",
    "realcategories.1111.tournaments.56369.matches.1390710659._dt.tzoffset": 3600,
    "realcategories.1111.tournaments.56369.matches.1390710659._dt.uts": 1761558857,
    "realcategories.1111.tournaments.56369.matches.1390710659.round": 14,
    "realcategories.1111.tournaments.56369.matches.1390710659.roundname._doc": "tableround",
    "realcategories.1111.tournaments.56369.matches.1390710659.roundname._id": 14,
    "realcategories.1111.tournaments.56369.matches.1390710659.roundname.name": 14,
    "realcategories.1111.tournaments.56369.matches.1390710659.coverage.lineup": 0,
    "realcategories.1111.tournaments.56369.matches.1390710659.coverage.formations": 0,
    "realcategories.1111.tournaments.56369.matches.1390710659.coverage.livetable": 0,
    "realcategories.1111.tournaments.56369.matches.1390710659.coverage.injuries": 0,
    "realcategories.1111.tournaments.56369.matches.1390710659.coverage.ballspotting": false,
    "realcategories.1111.tournaments.56369.matches.1390710659.coverage.cornersonly": false,
    "realcategories.1111.tournaments.56369.matches.1390710659.coverage.multicast": false,
    "realcategories.1111.tournaments.56369.matches.1390710659.coverage.scoutmatch": 0,
    "realcategories.1111.tournaments.56369.matches.1390710659.coverage.scoutcoveragestatus": 0,
    "realcategories.1111.tournaments.56369.matches.1390710659.coverage.liveodds": true,
    "realcategories.1111.tournaments.56369.matches.1390710659.coverage.deepercoverage": false,
    "realcategories.1111.tournaments.56369.matches.1390710659.coverage.tacticallineup": false,
    "realcategories.1111.tournaments.56369.matches.1390710659.coverage.basiclineup": true,
    "realcategories.1111.tournaments.56369.matches.1390710659.coverage.hasstats": true,
    "realcategories.1111.tournaments.56369.matches.1390710659.coverage.inlivescore": true,
    "realcategories.1111.tournaments.56369.matches.1390710659.coverage.advantage": null,
    "realcategories.1111.tournaments.56369.matches.1390710659.coverage.tiebreak": null,
    "realcategories.1111.tournaments.56369.matches.1390710659.coverage.penaltyshootout": 0,
    "realcategories.1111.tournaments.56369.matches.1390710659.coverage.scouttest": null,
    "realcategories.1111.tournaments.56369.matches.1390710659.coverage.lmtsupport": 3,
    "realcategories.1111.tournaments.56369.matches.1390710659.coverage.venue": false,
    "realcategories.1111.tournaments.56369.matches.1390710659.coverage.matchdatacomplete": false,
    "realcategories.1111.tournaments.56369.matches.1390710659.coverage.mediacoverage": true,
    "realcategories.1111.tournaments.56369.matches.1390710659.coverage.substitutions": false,
    "realcategories.1111.tournaments.56369.matches.1390710659.result.home": 2,
    "realcategories.1111.tournaments.56369.matches.1390710659.result.away": 1,
    "realcategories.1111.tournaments.56369.matches.1390710659.result.winner": "home",
    "realcategories.1111.tournaments.56369.matches.1390710659.periods.p1.home": 0,
    "realcategories.1111.tournaments.56369.matches.1390710659.periods.p1.away": 0,
    "realcategories.1111.tournaments.56369.matches.1390710659.periods.ft.home": 2,
    "realcategories.1111.tournaments.56369.matches.1390710659.periods.ft.away": 1,
    "realcategories.1111.tournaments.56369.matches.1390710659.updated_uts": 1761558983,
    "realcategories.1111.tournaments.56369.matches.1390710659.ended_uts": false,
    "realcategories.1111.tournaments.56369.matches.1390710659.p": "0",
    "realcategories.1111.tournaments.56369.matches.1390710659.ptime": 1761558983,
    "realcategories.1111.tournaments.56369.matches.1390710659.timeinfo.injurytime": null,
    "realcategories.1111.tournaments.56369.matches.1390710659.timeinfo.ended": null,
    "realcategories.1111.tournaments.56369.matches.1390710659.timeinfo.started": null,
    "realcategories.1111.tournaments.56369.matches.1390710659.timeinfo.played": null,
    "realcategories.1111.tournaments.56369.matches.1390710659.timeinfo.remaining": null,
    "realcategories.1111.tournaments.56369.matches.1390710659.timeinfo.running": false,
    "realcategories.1111.tournaments.56369.matches.1390710659.teams.home._doc": "team",
    "realcategories.1111.tournaments.56369.matches.1390710659.teams.home._id": 8982003,
    "realcategories.1111.tournaments.56369.matches.1390710659.teams.home._sid": 1,
    "realcategories.1111.tournaments.56369.matches.1390710659.teams.home.uid": 276503,
    "realcategories.1111.tournaments.56369.matches.1390710659.teams.home.name": "Fulham",
    "realcategories.1111.tournaments.56369.matches.1390710659.teams.home.mediumname": "Fulham",
    "realcategories.1111.tournaments.56369.matches.1390710659.teams.home.abbr": "FUL",
    "realcategories.1111.tournaments.56369.matches.1390710659.teams.home.nickname": null,
    "realcategories.1111.tournaments.56369.matches.1390710659.teams.home.iscountry": false,
    "realcategories.1111.tournaments.56369.matches.1390710659.teams.home.haslogo": true,
    "realcategories.1111.tournaments.56369.matches.1390710659.teams.away._doc": "team",
    "realcategories.1111.tournaments.56369.matches.1390710659.teams.away._id": 8982001,
    "realcategories.1111.tournaments.56369.matches.1390710659.teams.away._sid": 1,
    "realcategories.1111.tournaments.56369.matches.1390710659.teams.away.uid": 276501,
    "realcategories.1111.tournaments.56369.matches.1390710659.teams.away.name": "Everton",
    "realcategories.1111.tournaments.56369.matches.1390710659.teams.away.mediumname": "Everton",
    "realcategories.1111.tournaments.56369.matches.1390710659.teams.away.abbr": "EVE",
    "realcategories.1111.tournaments.56369.matches.1390710659.teams.away.nickname": null,
    "realcategories.1111.tournaments.56369.matches.1390710659.teams.away.iscountry": false,
    "realcategories.1111.tournaments.56369.matches.1390710659.teams.away.haslogo": true,
    "realcategories.1111.tournaments.56369.matches.1390710659.status._doc": "status",
    "realcategories.1111.tournaments.56369.matches.1390710659.status._id": 100,
    "realcategories.1111.tournaments.56369.matches.1390710659.status.name": "完场",
    "realcategories.1111.tournaments.56369.matches.1390710659.removed": false,
    "realcategories.1111.tournaments.56369.matches.1390710659.facts": false,
    "realcategories.1111.tournaments.56369.matches.1390710659.localderby": false,
    "realcategories.1111.tournaments.56369.matches.1390710659.matchstatus": "recentlyended",
    "realcategories.1111.tournaments.56369.matches.1390710659.postponed": false,
    "realcategories.1111.tournaments.56369.matches.1390710659.cancelled": false,
    "realcategories.1111.tournaments.56369.matches.1390710659.walkover": false,
    "realcategories.1111.tournaments.56369.matches.1390710659.hf": 0,
    "realcategories.1111.tournaments.56369.matches.1390710659.periodlength": 45,
    "realcategories.1111.tournaments.56369.matches.1390710659.numberofperiods": 2,
    "realcategories.1111.tournaments.56369.matches.1390710659.overtimelength": 15,
    "realcategories.1111.tournaments.56369.matches.1390710659.tobeannounced": false,
    "realcategories.1111.tournaments.56369.matches.1390710659.1st_goal": "away",
    "realcategories.1111.tournaments.56369.matches.1390710660._doc": "match",
    "realcategories.1111.tournaments.56369.matches.1390710660._id": 1390710660,
    "realcategories.1111.tournaments.56369.matches.1390710660._sid": 1,
    "realcategories.1111.tournaments.56369.matches.1390710660._seasonid": 3015403,
    "realcategories.1111.tournaments.56369.matches.1390710660._rcid": 1111,
    "realcategories.1111.tournaments.56369.matches.1390710660._tid": 56369,
    "realcategories.1111.tournaments.56369.matches.1390710660._utid": 14562,
    "realcategories.1111.tournaments.56369.matches.1390710660._dt._doc": "time",
    "realcategories.1111.tournaments.56369.matches.1390710660._dt.time": "10:54",
    "realcategories.1111.tournaments.56369.matches.1390710660._dt.date": "27/10/25",
    "realcategories.1111.tournaments.56369.matches.1390710660._dt.tz": "CET",
    "realcategories.1111.tournaments.56369.matches.1390710660._dt.tzoffset": 3600,
    "realcategories.1111.tournaments.56369.matches.1390710660._dt.uts": 1761558857,
    "realcategories.1111.tournaments.56369.matches.1390710660.round": 14,
    "realcategories.1111.tournaments.56369.matches.1390710660.roundname._doc": "tableround",
    "realcategories.1111.tournaments.56369.matches.1390710660.roundname._id": 14,
    "realcategories.1111.tournaments.56369.matches.1390710660.roundname.name": 14,
    "realcategories.1111.tournaments.56369.matches.1390710660.coverage.lineup": 0,
    "realcategories.1111.tournaments.56369.matches.1390710660.coverage.formations": 0,
    "realcategories.1111.tournaments.56369.matches.1390710660.coverage.livetable": 0,
    "realcategories.1111.tournaments.56369.matches.1390710660.coverage.injuries": 0,
    "realcategories.1111.tournaments.56369.matches.1390710660.coverage.ballspotting": false,
    "realcategories.1111.tournaments.56369.matches.1390710660.coverage.cornersonly": false,
    "realcategories.1111.tournaments.56369.matches.1390710660.coverage.multicast": false,
    "realcategories.1111.tournaments.56369.matches.1390710660.coverage.scoutmatch": 0,
    "realcategories.1111.tournaments.56369.matches.1390710660.coverage.scoutcoveragestatus": 0,
    "realcategories.1111.tournaments.56369.matches.1390710660.coverage.liveodds": true,
    "realcategories.1111.tournaments.56369.matches.1390710660.coverage.deepercoverage": false,
    "realcategories.1111.tournaments.56369.matches.1390710660.coverage.tacticallineup": false,
    "realcategories.1111.tournaments.56369.matches.1390710660.coverage.basiclineup": true,
    "realcategories.1111.tournaments.56369.matches.1390710660.coverage.hasstats": true,
    "realcategories.1111.tournaments.56369.matches.1390710660.coverage.inlivescore": true,
    "realcategories.1111.tournaments.56369.matches.1390710660.coverage.advantage": null,
    "realcategories.1111.tournaments.56369.matches.1390710660.coverage.tiebreak": null,
    "realcategories.1111.tournaments.56369.matches.1390710660.coverage.penaltyshootout": 0,
    "realcategories.1111.tournaments.56369.matches.1390710660.coverage.scouttest": null,
    "realcategories.1111.tournaments.56369.matches.1390710660.coverage.lmtsupport": 3,
    "realcategories.1111.tournaments.56369.matches.1390710660.coverage.venue": false,
    "realcategories.1111.tournaments.56369.matches.1390710660.coverage.matchdatacomplete": false,
    "realcategories.1111.tournaments.56369.matches.1390710660.coverage.mediacoverage": true,
    "realcategories.1111.tournaments.56369.matches.1390710660.coverage.substitutions": false,
    "realcategories.1111.tournaments.56369.matches.1390710660.result.home": 2,
    "realcategories.1111.tournaments.56369.matches.1390710660.result.away": 1,
    "realcategories.1111.tournaments.56369.matches.1390710660.result.winner": "home",
    "realcategories.1111.tournaments.56369.matches.1390710660.periods.p1.home": 0,
    "realcategories.1111.tournaments.56369.matches.1390710660.periods.p1.away": 0,
    "realcategories.1111.tournaments.56369.matches.1390710660.periods.ft.home": 2,
    "realcategories.1111.tournaments.56369.matches.1390710660.periods.ft.away": 1,
    "realcategories.1111.tournaments.56369.matches.1390710660.updated_uts": 1761558983,
    "realcategories.1111.tournaments.56369.matches.1390710660.ended_uts": false,
    "realcategories.1111.tournaments.56369.matches.1390710660.p": "0",
    "realcategories.1111.tournaments.56369.matches.1390710660.ptime": 1761558983,
    "realcategories.1111.tournaments.56369.matches.1390710660.timeinfo.injurytime": null,
    "realcategories.1111.tournaments.56369.matches.1390710660.timeinfo.ended": null,
    "realcategories.1111.tournaments.56369.matches.1390710660.timeinfo.started": null,
    "realcategories.1111.tournaments.56369.matches.1390710660.timeinfo.played": null,
    "realcategories.1111.tournaments.56369.matches.1390710660.timeinfo.remaining": null,
    "realcategories.1111.tournaments.56369.matches.1390710660.timeinfo.running": false,
    "realcategories.1111.tournaments.56369.matches.1390710660.teams.home._doc": "team",
    "realcategories.1111.tournaments.56369.matches.1390710660.teams.home._id": 8982006,
    "realcategories.1111.tournaments.56369.matches.1390710660.teams.home._sid": 1,
    "realcategories.1111.tournaments.56369.matches.1390710660.teams.home.uid": 276506,
    "realcategories.1111.tournaments.56369.matches.1390710660.teams.home.name": "Brentford",
    "realcategories.1111.tournaments.56369.matches.1390710660.teams.home.mediumname": "Brentford",
    "realcategories.1111.tournaments.56369.matches.1390710660.teams.home.abbr": "BRE",
    "realcategories.1111.tournaments.56369.matches.1390710660.teams.home.nickname": null,
    "realcategories.1111.tournaments.56369.matches.1390710660.teams.home.iscountry": false,
    "realcategories.1111.tournaments.56369.matches.1390710660.teams.home.haslogo": true,
    "realcategories.1111.tournaments.56369.matches.1390710660.teams.away._doc": "team",
    "realcategories.1111.tournaments.56369.matches.1390710660.teams.away._id": 8982016,
    "realcategories.1111.tournaments.56369.matches.1390710660.teams.away._sid": 1,
    "realcategories.1111.tournaments.56369.matches.1390710660.teams.away.uid": 276516,
    "realcategories.1111.tournaments.56369.matches.1390710660.teams.away.name": "Nottingham",
    "realcategories.1111.tournaments.56369.matches.1390710660.teams.away.mediumname": "Nottingham",
    "realcategories.1111.tournaments.56369.matches.1390710660.teams.away.abbr": "NOT",
    "realcategories.1111.tournaments.56369.matches.1390710660.teams.away.nickname": null,
    "realcategories.1111.tournaments.56369.matches.1390710660.teams.away.iscountry": false,
    "realcategories.1111.tournaments.56369.matches.1390710660.teams.away.haslogo": true,
    "realcategories.1111.tournaments.56369.matches.1390710660.status._doc": "status",
    "realcategories.1111.tournaments.56369.matches.1390710660.status._id": 100,
    "realcategories.1111.tournaments.56369.matches.1390710660.status.name": "完场",
    "realcategories.1111.tournaments.56369.matches.1390710660.removed": false,
    "realcategories.1111.tournaments.56369.matches.1390710660.facts": false,
    "realcategories.1111.tournaments.56369.matches.1390710660.localderby": false,
    "realcategories.1111.tournaments.56369.matches.1390710660.matchstatus": "recentlyended",
    "realcategories.1111.tournaments.56369.matches.1390710660.postponed": false,
    "realcategories.1111.tournaments.56369.matches.1390710660.cancelled": false,
    "realcategories.1111.tournaments.56369.matches.1390710660.walkover": false,
    "realcategories.1111.tournaments.56369.matches.1390710660.hf": 0,
    "realcategories.1111.tournaments.56369.matches.1390710660.periodlength": 45,
    "realcategories.1111.tournaments.56369.matches.1390710660.numberofperiods": 2,
    "realcategories.1111.tournaments.56369.matches.1390710660.overtimelength": 15,
    "realcategories.1111.tournaments.56369.matches.1390710660.tobeannounced": false,
    "realcategories.1111.tournaments.56369.matches.1390710660.1st_goal": "home",
    "realcategories.1111.tournaments.56369.matches.1390710661._doc": "match",
    "realcategories.1111.tournaments.56369.matches.1390710661._id": 1390710661,
    "realcategories.1111.tournaments.56369.matches.1390710661._sid": 1,
    "realcategories.1111.tournaments.56369.matches.1390710661._seasonid": 3015403,
    "realcategories.1111.tournaments.56369.matches.1390710661._rcid": 1111,
    "realcategories.1111.tournaments.56369.matches.1390710661._tid": 56369,
    "realcategories.1111.tournaments.56369.matches.1390710661._utid": 14562,
    "realcategories.1111.tournaments.56369.matches.1390710661._dt._doc": "time",
    "realcategories.1111.tournaments.56369.matches.1390710661._dt.time": "10:54",
    "realcategories.1111.tournaments.56369.matches.1390710661._dt.date": "27/10/25",
    "realcategories.1111.tournaments.56369.matches.1390710661._dt.tz": "CET",
    "realcategories.1111.tournaments.56369.matches.1390710661._dt.tzoffset": 3600,
    "realcategories.1111.tournaments.56369.matches.1390710661._dt.uts": 1761558857,
    "realcategories.1111.tournaments.56369.matches.1390710661.round": 14,
    "realcategories.1111.tournaments.56369.matches.1390710661.roundname._doc": "tableround",
    "realcategories.1111.tournaments.56369.matches.1390710661.roundname._id": 14,
    "realcategories.1111.tournaments.56369.matches.1390710661.roundname.name": 14,
    "realcategories.1111.tournaments.56369.matches.1390710661.coverage.lineup": 0,
    "realcategories.1111.tournaments.56369.matches.1390710661.coverage.formations": 0,
    "realcategories.1111.tournaments.56369.matches.1390710661.coverage.livetable": 0,
    "realcategories.1111.tournaments.56369.matches.1390710661.coverage.injuries": 0,
    "realcategories.1111.tournaments.56369.matches.1390710661.coverage.ballspotting": false,
    "realcategories.1111.tournaments.56369.matches.1390710661.coverage.cornersonly": false,
    "realcategories.1111.tournaments.56369.matches.1390710661.coverage.multicast": false,
    "realcategories.1111.tournaments.56369.matches.1390710661.coverage.scoutmatch": 0,
    "realcategories.1111.tournaments.56369.matches.1390710661.coverage.scoutcoveragestatus": 0,
    "realcategories.1111.tournaments.56369.matches.1390710661.coverage.liveodds": true,
    "realcategories.1111.tournaments.56369.matches.1390710661.coverage.deepercoverage": false,
    "realcategories.1111.tournaments.56369.matches.1390710661.coverage.tacticallineup": false,
    "realcategories.1111.tournaments.56369.matches.1390710661.coverage.basiclineup": true,
    "realcategories.1111.tournaments.56369.matches.1390710661.coverage.hasstats": true,
    "realcategories.1111.tournaments.56369.matches.1390710661.coverage.inlivescore": true,
    "realcategories.1111.tournaments.56369.matches.1390710661.coverage.advantage": null,
    "realcategories.1111.tournaments.56369.matches.1390710661.coverage.tiebreak": null,
    "realcategories.1111.tournaments.56369.matches.1390710661.coverage.penaltyshootout": 0,
    "realcategories.1111.tournaments.56369.matches.1390710661.coverage.scouttest": null,
    "realcategories.1111.tournaments.56369.matches.1390710661.coverage.lmtsupport": 3,
    "realcategories.1111.tournaments.56369.matches.1390710661.coverage.venue": false,
    "realcategories.1111.tournaments.56369.matches.1390710661.coverage.matchdatacomplete": false,
    "realcategories.1111.tournaments.56369.matches.1390710661.coverage.mediacoverage": true,
    "realcategories.1111.tournaments.56369.matches.1390710661.coverage.substitutions": false,
    "realcategories.1111.tournaments.56369.matches.1390710661.result.home": 0,
    "realcategories.1111.tournaments.56369.matches.1390710661.result.away": 0,
    "realcategories.1111.tournaments.56369.matches.1390710661.result.winner": null,
    "realcategories.1111.tournaments.56369.matches.1390710661.periods.p1.home": 0,
    "realcategories.1111.tournaments.56369.matches.1390710661.periods.p1.away": 0,
    "realcategories.1111.tournaments.56369.matches.1390710661.periods.ft.home": 0,
    "realcategories.1111.tournaments.56369.matches.1390710661.periods.ft.away": 0,
    "realcategories.1111.tournaments.56369.matches.1390710661.updated_uts": 1761558983,
    "realcategories.1111.tournaments.56369.matches.1390710661.ended_uts": false,
    "realcategories.1111.tournaments.56369.matches.1390710661.p": "0",
    "realcategories.1111.tournaments.56369.matches.1390710661.ptime": 1761558983,
    "realcategories.1111.tournaments.56369.matches.1390710661.timeinfo.injurytime": null,
    "realcategories.1111.tournaments.56369.matches.1390710661.timeinfo.ended": null,
    "realcategories.1111.tournaments.56369.matches.1390710661.timeinfo.started": null,
    "realcategories.1111.tournaments.56369.matches.1390710661.timeinfo.played": null,
    "realcategories.1111.tournaments.56369.matches.1390710661.timeinfo.remaining": null,
    "realcategories.1111.tournaments.56369.matches.1390710661.timeinfo.running": false,
    "realcategories.1111.tournaments.56369.matches.1390710661.teams.home._doc": "team",
    "realcategories.1111.tournaments.56369.matches.1390710661.teams.home._id": 8982004,
    "realcategories.1111.tournaments.56369.matches.1390710661.teams.home._sid": 1,
    "realcategories.1111.tournaments.56369.matches.1390710661.teams.home.uid": 276504,
    "realcategories.1111.tournaments.56369.matches.1390710661.teams.home.name": "Aston Oroszlán",
    "realcategories.1111.tournaments.56369.matches.1390710661.teams.home.mediumname": "Aston Oroszlán",
    "realcategories.1111.tournaments.56369.matches.1390710661.teams.home.abbr": "ASO",
    "realcategories.1111.tournaments.56369.matches.1390710661.teams.home.nickname": null,
    "realcategories.1111.tournaments.56369.matches.1390710661.teams.home.iscountry": false,
    "realcategories.1111.tournaments.56369.matches.1390710661.teams.home.haslogo": true,
    "realcategories.1111.tournaments.56369.matches.1390710661.teams.away._doc": "team",
    "realcategories.1111.tournaments.56369.matches.1390710661.teams.away._id": 8982013,
    "realcategories.1111.tournaments.56369.matches.1390710661.teams.away._sid": 1,
    "realcategories.1111.tournaments.56369.matches.1390710661.teams.away.uid": 276513,
    "realcategories.1111.tournaments.56369.matches.1390710661.teams.away.name": "London Ágyúk",
    "realcategories.1111.tournaments.56369.matches.1390710661.teams.away.mediumname": "London Ágyúk",
    "realcategories.1111.tournaments.56369.matches.1390710661.teams.away.abbr": "LON",
    "realcategories.1111.tournaments.56369.matches.1390710661.teams.away.nickname": null,
    "realcategories.1111.tournaments.56369.matches.1390710661.teams.away.iscountry": false,
    "realcategories.1111.tournaments.56369.matches.1390710661.teams.away.haslogo": true,
    "realcategories.1111.tournaments.56369.matches.1390710661.status._doc": "status",
    "realcategories.1111.tournaments.56369.matches.1390710661.status._id": 100,
    "realcategories.1111.tournaments.56369.matches.1390710661.status.name": "完场",
    "realcategories.1111.tournaments.56369.matches.1390710661.removed": false,
    "realcategories.1111.tournaments.56369.matches.1390710661.facts": false,
    "realcategories.1111.tournaments.56369.matches.1390710661.localderby": false,
    "realcategories.1111.tournaments.56369.matches.1390710661.matchstatus": "recentlyended",
    "realcategories.1111.tournaments.56369.matches.1390710661.postponed": false,
    "realcategories.1111.tournaments.56369.matches.1390710661.cancelled": false,
    "realcategories.1111.tournaments.56369.matches.1390710661.walkover": false,
    "realcategories.1111.tournaments.56369.matches.1390710661.hf": 0,
    "realcategories.1111.tournaments.56369.matches.1390710661.periodlength": 45,
    "realcategories.1111.tournaments.56369.matches.1390710661.numberofperiods": 2,
    "realcategories.1111.tournaments.56369.matches.1390710661.overtimelength": 15,
    "realcategories.1111.tournaments.56369.matches.1390710661.tobeannounced": false,
    "realcategories.1111.tournaments.56369.matches.1390710661.1st_goal": null
  }
}