{
  "queryUrl": "match_events/1390738454",
  "doc": [
    {
      "event": "match_events",
      "_dob": 1761605532,
      "_maxage": 10,
      "data": [
        {
          "_doc": "event",
          "_id": 9512258730,
          "_scoutid": null,
          "_sid": 1,
          "_rcid": 1111,
          "_tid": 56369,
          "_dc": false,
          "_typeid": "10",
          "uts": 1761605417,
          "updated_uts": 1761605417,
          "type": "match_started",
          "matchid": 1390738454,
          "disabled": 0,
          "time": 1,
          "seconds": -1,
          "name": "已开始",
          "injurytime": 0,
          "team": "",
          "status": {
            "_doc": "status",
            "_id": 20,
            "name": "已开始"
          },
          "result": {
            "home": 0,
            "away": 0
          }
        },
        {
          "_doc": "event",
          "_id": 9512259498,
          "_scoutid": null,
          "_sid": 1,
          "_rcid": 1111,
          "_tid": 56369,
          "_dc": false,
          "_typeid": "40",
          "uts": 1761605432,
          "updated_uts": 1761605432,
          "type": "card",
          "matchid": 1390738454,
          "disabled": 0,
          "time": 12,
          "seconds": -1,
          "name": "黄牌",
          "injurytime": 0,
          "team": "home",
          "card": "yellow",
          "player": {
            "_doc": "player",
            "_id": 1014199,
            "name": "Beumo, Bryan",
            "birthdate": {
              "_doc": "time",
              "time": "00:00",
              "date": "09/09/93",
              "tz": "UTC",
              "tzoffset": 0,
              "uts": 747532800
            },
            "nationality": {
              "_doc": "countrycode",
              "_id": 37,
              "a2": "cm",
              "name": "喀麦隆",
              "a3": "CAM",
              "ioc": "CMR",
              "continentid": 4,
              "continent": "Africa",
              "population": 19500000
            },
            "position": {
              "_id": 6,
              "_type": "M",
              "name": "中场",
              "shortname": "中场",
              "abbr": "M"
            },
            "primarypositiontype": null,
            "haslogo": false
          }
        },
        {
          "_doc": "event",
          "_id": 9512259503,
          "_scoutid": null,
          "_sid": 1,
          "_rcid": 1111,
          "_tid": 56369,
          "_dc": false,
          "_typeid": "40",
          "uts": 1761605432,
          "updated_uts": 1761605432,
          "type": "card",
          "matchid": 1390738454,
          "disabled": 0,
          "time": 19,
          "seconds": -1,
          "name": "黄牌",
          "injurytime": 0,
          "team": "away",
          "card": "yellow",
          "player": {
            "_doc": "player",
            "_id": 1014171,
            "name": "Mikoleko, Vitalij",
            "birthdate": {
              "_doc": "time",
              "time": "00:00",
              "date": "24/01/93",
              "tz": "UTC",
              "tzoffset": 0,
              "uts": 727833600
            },
            "nationality": {
              "_doc": "countrycode",
              "_id": 223,
              "a2": "ua",
              "name": "乌克兰",
              "a3": "UKR",
              "ioc": "UKR",
              "continentid": 1,
              "continent": "Europe",
              "population": 45888000
            },
            "position": {
              "_id": 4,
              "_type": "D",
              "name": "后卫",
              "shortname": "后卫",
              "abbr": "D"
            },
            "primarypositiontype": null,
            "haslogo": false
          }
        },
        {
          "_doc": "event",
          "_id": 9512259833,
          "_scoutid": null,
          "_sid": 1,
          "_rcid": 1111,
          "_tid": 56369,
          "_dc": false,
          "_typeid": "30",
          "uts": 1761605461,
          "updated_uts": 1761605461,
          "type": "goal",
          "matchid": 1390738454,
          "disabled": 0,
          "time": 45,
          "seconds": -1,
          "name": "进球",
          "injurytime": 0,
          "team": "home",
          "positionid": null,
          "goaltypeid": null,
          "result": {
            "home": 1,
            "away": 0
          },
          "scorer": {
            "_doc": "player",
            "_id": 1014199,
            "name": "Beumo, Bryan",
            "birthdate": {
              "_doc": "time",
              "time": "00:00",
              "date": "09/09/93",
              "tz": "UTC",
              "tzoffset": 0,
              "uts": 747532800
            },
            "nationality": {
              "_doc": "countrycode",
              "_id": 37,
              "a2": "cm",
              "name": "喀麦隆",
              "a3": "CAM",
              "ioc": "CMR",
              "continentid": 4,
              "continent": "Africa",
              "population": 19500000
            },
            "position": {
              "_id": 6,
              "_type": "M",
              "name": "中场",
              "shortname": "中场",
              "abbr": "M"
            },
            "primarypositiontype": null,
            "haslogo": false
          },
          "header": false,
          "owngoal": false,
          "penalty": false
        },
        {
          "_doc": "event",
          "_id": 9512259835,
          "_scoutid": null,
          "_sid": 1,
          "_rcid": 1111,
          "_tid": 56369,
          "_dc": false,
          "_typeid": "35",
          "uts": 1761605461,
          "updated_uts": 1761605461,
          "type": "periodscore",
          "matchid": 1390738454,
          "disabled": 0,
          "time": 1,
          "seconds": -1,
          "name": "上半场",
          "injurytime": null,
          "team": "",
          "periodscore": {
            "home": 1,
            "away": 0
          },
          "result": {
            "home": 2,
            "away": 2,
            "winner": null
          },
          "matchStatus": {
            "_doc": "status",
            "_id": 20,
            "name": "已开始"
          },
          "periodnumber": 1,
          "period": 1,
          "pointtype": "",
          "pointflag": null,
          "pointflagtranslation": ""
        },
        {
          "_doc": "event",
          "_id": 9512260836,
          "_scoutid": null,
          "_sid": 1,
          "_rcid": 1111,
          "_tid": 56369,
          "_dc": false,
          "_typeid": "30",
          "uts": 1761605489,
          "updated_uts": 1761605489,
          "type": "goal",
          "matchid": 1390738454,
          "disabled": 0,
          "time": 50,
          "seconds": -1,
          "name": "进球",
          "injurytime": 0,
          "team": "home",
          "positionid": null,
          "goaltypeid": null,
          "result": {
            "home": 2,
            "away": 0
          },
          "scorer": {
            "_doc": "player",
            "_id": 1014197,
            "name": "Casemiru, Carlos",
            "birthdate": {
              "_doc": "time",
              "time": "00:00",
              "date": "10/11/75",
              "tz": "UTC",
              "tzoffset": 0,
              "uts": 184809600
            },
            "nationality": {
              "_doc": "countrycode",
              "_id": 30,
              "a2": "br",
              "name": "巴西",
              "a3": "BRA",
              "ioc": "BRA",
              "continentid": 3,
              "continent": "South-America",
              "population": 192900000
            },
            "position": {
              "_id": 6,
              "_type": "M",
              "name": "中场",
              "shortname": "中场",
              "abbr": "M"
            },
            "primarypositiontype": null,
            "haslogo": false
          },
          "header": false,
          "owngoal": false,
          "penalty": false
        },
        {
          "_doc": "event",
          "_id": 9512260839,
          "_scoutid": null,
          "_sid": 1,
          "_rcid": 1111,
          "_tid": 56369,
          "_dc": false,
          "_typeid": "40",
          "uts": 1761605489,
          "updated_uts": 1761605489,
          "type": "card",
          "matchid": 1390738454,
          "disabled": 0,
          "time": 53,
          "seconds": -1,
          "name": "黄牌",
          "injurytime": 0,
          "team": "away",
          "card": "yellow",
          "player": {
            "_doc": "player",
            "_id": 1014167,
            "name": "Brathweight, Jered",
            "birthdate": {
              "_doc": "time",
              "time": "00:00",
              "date": "12/12/90",
              "tz": "UTC",
              "tzoffset": 0,
              "uts": 660960000
            },
            "nationality": {
              "_doc": "countrycode",
              "_id": 240,
              "a2": "en",
              "name": "英格兰",
              "a3": "ENG",
              "ioc": "ENG",
              "continentid": 1,
              "continent": "Europe",
              "population": 51500000
            },
            "position": {
              "_id": 4,
              "_type": "D",
              "name": "后卫",
              "shortname": "后卫",
              "abbr": "D"
            },
            "primarypositiontype": null,
            "haslogo": false
          }
        },
        {
          "_doc": "event",
          "_id": 9512261156,
          "_scoutid": null,
          "_sid": 1,
          "_rcid": 1111,
          "_tid": 56369,
          "_dc": false,
          "_typeid": "30",
          "uts": 1761605509,
          "updated_uts": 1761605509,
          "type": "goal",
          "matchid": 1390738454,
          "disabled": 0,
          "time": 60,
          "seconds": -1,
          "name": "进球",
          "injurytime": 0,
          "team": "away",
          "positionid": null,
          "goaltypeid": null,
          "result": {
            "home": 2,
            "away": 1
          },
          "scorer": {
            "_doc": "player",
            "_id": 1014173,
            "name": "Garrer, James",
            "birthdate": {
              "_doc": "time",
              "time": "00:00",
              "date": "30/05/86",
              "tz": "UTC",
              "tzoffset": 0,
              "uts": 517795200
            },
            "nationality": {
              "_doc": "countrycode",
              "_id": 240,
              "a2": "en",
              "name": "英格兰",
              "a3": "ENG",
              "ioc": "ENG",
              "continentid": 1,
              "continent": "Europe",
              "population": 51500000
            },
            "position": {
              "_id": 4,
              "_type": "D",
              "name": "后卫",
              "shortname": "后卫",
              "abbr": "D"
            },
            "primarypositiontype": null,
            "haslogo": false
          },
          "header": false,
          "owngoal": false,
          "penalty": false
        },
        {
          "_doc": "event",
          "_id": 9512261374,
          "_scoutid": null,
          "_sid": 1,
          "_rcid": 1111,
          "_tid": 56369,
          "_dc": false,
          "_typeid": "30",
          "uts": 1761605521,
          "updated_uts": 1761605521,
          "type": "goal",
          "matchid": 1390738454,
          "disabled": 0,
          "time": 63,
          "seconds": -1,
          "name": "进球",
          "injurytime": 0,
          "team": "away",
          "positionid": null,
          "goaltypeid": null,
          "result": {
            "home": 2,
            "away": 2
          },
          "scorer": {
            "_doc": "player",
            "_id": 1014173,
            "name": "Garrer, James",
            "birthdate": {
              "_doc": "time",
              "time": "00:00",
              "date": "30/05/86",
              "tz": "UTC",
              "tzoffset": 0,
              "uts": 517795200
            },
            "nationality": {
              "_doc": "countrycode",
              "_id": 240,
              "a2": "en",
              "name": "英格兰",
              "a3": "ENG",
              "ioc": "ENG",
              "continentid": 1,
              "continent": "Europe",
              "population": 51500000
            },
            "position": {
              "_id": 4,
              "_type": "D",
              "name": "后卫",
              "shortname": "后卫",
              "abbr": "D"
            },
            "primarypositiontype": null,
            "haslogo": false
          },
          "header": false,
          "owngoal": false,
          "penalty": false
        }
      ]
    }
  ]
}