{
  "queryUrl": "match_odds2/1390738454",
  "doc": [
    {
      "event": "match_odds",
      "_dob": 1761605533,
      "_maxage": 10,
      "data": {
        "_doc": "match",
        "_id": 1390738454,
        "_sid": 1,
        "_seasonid": 3015575,
        "_rcid": 1111,
        "_tid": 56369,
        "_utid": 14562,
        "_dt": {
          "_doc": "time",
          "time": "23:50",
          "date": "27/10/25",
          "tz": "CET",
          "uts": 1761605417
        },
        "round": 29,
        "roundname": {
          "_doc": "tableround",
          "_id": 29,
          "name": 29
        },
        "coverage": {
          "lineup": 0,
          "formations": 0,
          "livetable": 0,
          "injuries": 0,
          "ballspotting": false,
          "cornersonly": false,
          "multicast": false,
          "scoutmatch": 0,
          "liveodds": true,
          "deepercoverage": false,
          "tacticallineup": false,
          "hasstats": true,
          "advantage": null,
          "tiebreak": null,
          "liveoddssubscription": false
        },
        "result": {
          "home": 2,
          "away": 2,
          "winner": null
        },
        "periods": {
          "p1": {
            "home": 1,
            "away": 0
          }
        },
        "p": "0",
        "ptime": 1761605417,
        "timeinfo": {
          "started": null,
          "played": null,
          "remaining": null,
          "running": false
        },
        "teams": {
          "home": {
            "_doc": "team",
            "_id": 8982002,
            "uid": 276502,
            "name": "Vörös Ördögök",
            "abbr": "VOR"
          },
          "away": {
            "_doc": "team",
            "_id": 8982001,
            "uid": 276501,
            "name": "Everton",
            "abbr": "EVE"
          }
        },
        "status": {
          "_doc": "status",
          "_id": 20,
          "name": "Started"
        },
        "removed": false,
        "facts": false,
        "localderby": false,
        "matchstatus": "live",
        "hf": 0,
        "periodlength": 45,
        "cards": {
          "home": {
            "yellow_count": 1,
            "red_count": 0
          },
          "away": {
            "yellow_count": 3,
            "red_count": 0
          }
        },
        "week": 0,
        "odds": [
          {
            "_doc": "startingodds",
            "_oid": 7677247099,
            "_moid": 11675543387,
            "_otid": 2,
            "_stid": -1,
            "_fid": 1,
            "fieldname": "1",
            "value": "1.95",
            "specialoddsvalue": "-1",
            "teamid": 0,
            "status": "open",
            "balanced_sorting": 1
          },
          {
            "_doc": "startingodds",
            "_oid": 7677247099,
            "_moid": 11675543387,
            "_otid": 2,
            "_stid": -1,
            "_fid": 2,
            "fieldname": "x",
            "value": "3.30",
            "specialoddsvalue": "-1",
            "teamid": 0,
            "status": "open",
            "balanced_sorting": 1
          },
          {
            "_doc": "startingodds",
            "_oid": 7677247099,
            "_moid": 11675543387,
            "_otid": 2,
            "_stid": -1,
            "_fid": 3,
            "fieldname": "2",
            "value": "3.45",
            "specialoddsvalue": "-1",
            "teamid": 0,
            "status": "open",
            "balanced_sorting": 1
          },
          {
            "_doc": "startingodds",
            "_oid": 7677247102,
            "_moid": 11675543388,
            "_otid": 5,
            "_stid": -1,
            "_fid": 11,
            "fieldname": "o",
            "value": "1.30",
            "specialoddsvalue": "1.5",
            "teamid": 0,
            "status": "won",
            "balanced_sorting": 2
          },
          {
            "_doc": "startingodds",
            "_oid": 7677247102,
            "_moid": 11675543388,
            "_otid": 5,
            "_stid": -1,
            "_fid": 12,
            "fieldname": "u",
            "value": "3.00",
            "specialoddsvalue": "1.5",
            "teamid": 0,
            "status": "lost",
            "balanced_sorting": 2
          },
          {
            "_doc": "startingodds",
            "_oid": 7677247103,
            "_moid": 11675543389,
            "_otid": 5,
            "_stid": -1,
            "_fid": 11,
            "fieldname": "o",
            "value": "1.85",
            "specialoddsvalue": "2.5",
            "teamid": 0,
            "status": "won",
            "balanced_sorting": 1
          },
          {
            "_doc": "startingodds",
            "_oid": 7677247103,
            "_moid": 11675543389,
            "_otid": 5,
            "_stid": -1,
            "_fid": 12,
            "fieldname": "u",
            "value": "1.75",
            "specialoddsvalue": "2.5",
            "teamid": 0,
            "status": "lost",
            "balanced_sorting": 1
          },
          {
            "_doc": "startingodds",
            "_oid": 7677247104,
            "_moid": 11675543390,
            "_otid": 5,
            "_stid": -1,
            "_fid": 11,
            "fieldname": "o",
            "value": "3.15",
            "specialoddsvalue": "3.5",
            "teamid": 0,
            "status": "won",
            "balanced_sorting": 3
          },
          {
            "_doc": "startingodds",
            "_oid": 7677247104,
            "_moid": 11675543390,
            "_otid": 5,
            "_stid": -1,
            "_fid": 12,
            "fieldname": "u",
            "value": "1.25",
            "specialoddsvalue": "3.5",
            "teamid": 0,
            "status": "lost",
            "balanced_sorting": 3
          },
          {
            "_doc": "startingodds",
            "_oid": 7677247106,
            "_moid": 11675543391,
            "_otid": 4,
            "_stid": -1,
            "_fid": 7,
            "fieldname": "1",
            "value": "3.65",
            "specialoddsvalue": "0:1",
            "teamid": 0,
            "status": "open",
            "balanced_sorting": 1
          },
          {
            "_doc": "startingodds",
            "_oid": 7677247106,
            "_moid": 11675543391,
            "_otid": 4,
            "_stid": -1,
            "_fid": 9,
            "fieldname": "x",
            "value": "3.45",
            "specialoddsvalue": "0:1",
            "teamid": 0,
            "status": "open",
            "balanced_sorting": 1
          },
          {
            "_doc": "startingodds",
            "_oid": 7677247106,
            "_moid": 11675543391,
            "_otid": 4,
            "_stid": -1,
            "_fid": 8,
            "fieldname": "2",
            "value": "1.70",
            "specialoddsvalue": "0:1",
            "teamid": 0,
            "status": "open",
            "balanced_sorting": 1
          },
          {
            "_doc": "startingodds",
            "_oid": 7677247105,
            "_moid": 11675543392,
            "_otid": 4,
            "_stid": -1,
            "_fid": 7,
            "fieldname": "1",
            "value": "7.25",
            "specialoddsvalue": "0:2",
            "teamid": 0,
            "status": "open",
            "balanced_sorting": 2
          },
          {
            "_doc": "startingodds",
            "_oid": 7677247105,
            "_moid": 11675543392,
            "_otid": 4,
            "_stid": -1,
            "_fid": 9,
            "fieldname": "x",
            "value": "5.50",
            "specialoddsvalue": "0:2",
            "teamid": 0,
            "status": "open",
            "balanced_sorting": 2
          },
          {
            "_doc": "startingodds",
            "_oid": 7677247105,
            "_moid": 11675543392,
            "_otid": 4,
            "_stid": -1,
            "_fid": 8,
            "fieldname": "2",
            "value": "1.20",
            "specialoddsvalue": "0:2",
            "teamid": 0,
            "status": "open",
            "balanced_sorting": 2
          },
          {
            "_doc": "startingodds",
            "_oid": 7677247107,
            "_moid": 11675543393,
            "_otid": 4,
            "_stid": -1,
            "_fid": 7,
            "fieldname": "1",
            "value": "1.25",
            "specialoddsvalue": "1:0",
            "teamid": 0,
            "status": "open",
            "balanced_sorting": 3
          },
          {
            "_doc": "startingodds",
            "_oid": 7677247107,
            "_moid": 11675543393,
            "_otid": 4,
            "_stid": -1,
            "_fid": 9,
            "fieldname": "x",
            "value": "4.40",
            "specialoddsvalue": "1:0",
            "teamid": 0,
            "status": "open",
            "balanced_sorting": 3
          },
          {
            "_doc": "startingodds",
            "_oid": 7677247107,
            "_moid": 11675543393,
            "_otid": 4,
            "_stid": -1,
            "_fid": 8,
            "fieldname": "2",
            "value": "8.50",
            "specialoddsvalue": "1:0",
            "teamid": 0,
            "status": "open",
            "balanced_sorting": 3
          },
          {
            "_doc": "startingodds",
            "_oid": 7677247101,
            "_moid": 11675543395,
            "_otid": 6,
            "_stid": 13,
            "_fid": 14,
            "fieldname": "1",
            "value": "1.60",
            "specialoddsvalue": "0:0",
            "teamid": 0,
            "status": "won",
            "balanced_sorting": 1
          },
          {
            "_doc": "startingodds",
            "_oid": 7677247101,
            "_moid": 11675543395,
            "_otid": 6,
            "_stid": 13,
            "_fid": 15,
            "fieldname": "x",
            "value": "9.75",
            "specialoddsvalue": "0:0",
            "teamid": 0,
            "status": "lost",
            "balanced_sorting": 1
          },
          {
            "_doc": "startingodds",
            "_oid": 7677247101,
            "_moid": 11675543395,
            "_otid": 6,
            "_stid": 13,
            "_fid": 16,
            "fieldname": "2",
            "value": "2.35",
            "specialoddsvalue": "0:0",
            "teamid": 0,
            "status": "lost",
            "balanced_sorting": 1
          },
          {
            "_doc": "startingodds",
            "_oid": 7677247100,
            "_moid": 11675543396,
            "_otid": 6,
            "_stid": 22,
            "_fid": 14,
            "fieldname": "1",
            "value": "2.10",
            "specialoddsvalue": "-1",
            "teamid": 0,
            "status": "won",
            "balanced_sorting": 1
          },
          {
            "_doc": "startingodds",
            "_oid": 7677247100,
            "_moid": 11675543396,
            "_otid": 6,
            "_stid": 22,
            "_fid": 15,
            "fieldname": "x",
            "value": "2.35",
            "specialoddsvalue": "-1",
            "teamid": 0,
            "status": "lost",
            "balanced_sorting": 1
          },
          {
            "_doc": "startingodds",
            "_oid": 7677247100,
            "_moid": 11675543396,
            "_otid": 6,
            "_stid": 22,
            "_fid": 16,
            "fieldname": "2",
            "value": "4.00",
            "specialoddsvalue": "-1",
            "teamid": 0,
            "status": "lost",
            "balanced_sorting": 1
          },
          {
            "_doc": "startingodds",
            "_oid": 7677247122,
            "_moid": 11675543397,
            "_otid": 7,
            "_stid": 16,
            "_fid": 17,
            "fieldname": "1",
            "value": "1.40",
            "specialoddsvalue": "-1",
            "teamid": 0,
            "status": "open",
            "balanced_sorting": 1
          },
          {
            "_doc": "startingodds",
            "_oid": 7677247122,
            "_moid": 11675543397,
            "_otid": 7,
            "_stid": 16,
            "_fid": 18,
            "fieldname": "2",
            "value": "2.45",
            "specialoddsvalue": "-1",
            "teamid": 0,
            "status": "open",
            "balanced_sorting": 1
          },
          {
            "_doc": "startingodds",
            "_oid": 7677247123,
            "_moid": 11675543398,
            "_otid": 7,
            "_stid": 21,
            "_fid": 17,
            "fieldname": "u",
            "value": "3.20",
            "specialoddsvalue": "0.5",
            "teamid": 0,
            "status": "lost",
            "balanced_sorting": 2
          },
          {
            "_doc": "startingodds",
            "_oid": 7677247123,
            "_moid": 11675543398,
            "_otid": 7,
            "_stid": 21,
            "_fid": 18,
            "fieldname": "o",
            "value": "1.25",
            "specialoddsvalue": "0.5",
            "teamid": 0,
            "status": "won",
            "balanced_sorting": 2
          },
          {
            "_doc": "startingodds",
            "_oid": 7677247124,
            "_moid": 11675543399,
            "_otid": 7,
            "_stid": 21,
            "_fid": 17,
            "fieldname": "u",
            "value": "1.55",
            "specialoddsvalue": "1.5",
            "teamid": 0,
            "status": "won",
            "balanced_sorting": 1
          },
          {
            "_doc": "startingodds",
            "_oid": 7677247124,
            "_moid": 11675543399,
            "_otid": 7,
            "_stid": 21,
            "_fid": 18,
            "fieldname": "o",
            "value": "2.20",
            "specialoddsvalue": "1.5",
            "teamid": 0,
            "status": "lost",
            "balanced_sorting": 1
          },
          {
            "_doc": "startingodds",
            "_oid": 7677247125,
            "_moid": 11675543400,
            "_otid": 7,
            "_stid": 21,
            "_fid": 17,
            "fieldname": "u",
            "value": "1.12",
            "specialoddsvalue": "2.5",
            "teamid": 0,
            "status": "won",
            "balanced_sorting": 3
          },
          {
            "_doc": "startingodds",
            "_oid": 7677247125,
            "_moid": 11675543400,
            "_otid": 7,
            "_stid": 21,
            "_fid": 18,
            "fieldname": "o",
            "value": "4.65",
            "specialoddsvalue": "2.5",
            "teamid": 0,
            "status": "lost",
            "balanced_sorting": 3
          },
          {
            "_doc": "startingodds",
            "_oid": 7677247109,
            "_moid": 11675543407,
            "_otid": 8,
            "_stid": 26,
            "_fid": 45,
            "fieldname": "0:0",
            "value": "9.00",
            "specialoddsvalue": "-1",
            "teamid": 0,
            "status": "open",
            "balanced_sorting": 1
          },
          {
            "_doc": "startingodds",
            "_oid": 7677247109,
            "_moid": 11675543407,
            "_otid": 8,
            "_stid": 26,
            "_fid": 46,
            "fieldname": "1:0",
            "value": "6.25",
            "specialoddsvalue": "-1",
            "teamid": 0,
            "status": "open",
            "balanced_sorting": 1
          },
          {
            "_doc": "startingodds",
            "_oid": 7677247109,
            "_moid": 11675543407,
            "_otid": 8,
            "_stid": 26,
            "_fid": 47,
            "fieldname": "2:0",
            "value": "9.50",
            "specialoddsvalue": "-1",
            "teamid": 0,
            "status": "open",
            "balanced_sorting": 1
          },
          {
            "_doc": "startingodds",
            "_oid": 7677247109,
            "_moid": 11675543407,
            "_otid": 8,
            "_stid": 26,
            "_fid": 48,
            "fieldname": "3:0",
            "value": "22.00",
            "specialoddsvalue": "-1",
            "teamid": 0,
            "status": "open",
            "balanced_sorting": 1
          },
          {
            "_doc": "startingodds",
            "_oid": 7677247109,
            "_moid": 11675543407,
            "_otid": 8,
            "_stid": 26,
            "_fid": 53,
            "fieldname": "0:1",
            "value": "9.50",
            "specialoddsvalue": "-1",
            "teamid": 0,
            "status": "open",
            "balanced_sorting": 1
          },
          {
            "_doc": "startingodds",
            "_oid": 7677247109,
            "_moid": 11675543407,
            "_otid": 8,
            "_stid": 26,
            "_fid": 54,
            "fieldname": "1:1",
            "value": "6.00",
            "specialoddsvalue": "-1",
            "teamid": 0,
            "status": "open",
            "balanced_sorting": 1
          },
          {
            "_doc": "startingodds",
            "_oid": 7677247109,
            "_moid": 11675543407,
            "_otid": 8,
            "_stid": 26,
            "_fid": 55,
            "fieldname": "2:1",
            "value": "6.75",
            "specialoddsvalue": "-1",
            "teamid": 0,
            "status": "open",
            "balanced_sorting": 1
          },
          {
            "_doc": "startingodds",
            "_oid": 7677247109,
            "_moid": 11675543407,
            "_otid": 8,
            "_stid": 26,
            "_fid": 56,
            "fieldname": "3:1",
            "value": "14.75",
            "specialoddsvalue": "-1",
            "teamid": 0,
            "status": "open",
            "balanced_sorting": 1
          },
          {
            "_doc": "startingodds",
            "_oid": 7677247109,
            "_moid": 11675543407,
            "_otid": 8,
            "_stid": 26,
            "_fid": 61,
            "fieldname": "0:2",
            "value": "15.50",
            "specialoddsvalue": "-1",
            "teamid": 0,
            "status": "open",
            "balanced_sorting": 1
          },
          {
            "_doc": "startingodds",
            "_oid": 7677247109,
            "_moid": 11675543407,
            "_otid": 8,
            "_stid": 26,
            "_fid": 62,
            "fieldname": "1:2",
            "value": "9.25",
            "specialoddsvalue": "-1",
            "teamid": 0,
            "status": "open",
            "balanced_sorting": 1
          },
          {
            "_doc": "startingodds",
            "_oid": 7677247109,
            "_moid": 11675543407,
            "_otid": 8,
            "_stid": 26,
            "_fid": 63,
            "fieldname": "2:2",
            "value": "11.25",
            "specialoddsvalue": "-1",
            "teamid": 0,
            "status": "open",
            "balanced_sorting": 1
          },
          {
            "_doc": "startingodds",
            "_oid": 7677247109,
            "_moid": 11675543407,
            "_otid": 8,
            "_stid": 26,
            "_fid": 64,
            "fieldname": "3:2",
            "value": "35.00",
            "specialoddsvalue": "-1",
            "teamid": 0,
            "status": "open",
            "balanced_sorting": 1
          },
          {
            "_doc": "startingodds",
            "_oid": 7677247109,
            "_moid": 11675543407,
            "_otid": 8,
            "_stid": 26,
            "_fid": 69,
            "fieldname": "0:3",
            "value": "50.00",
            "specialoddsvalue": "-1",
            "teamid": 0,
            "status": "open",
            "balanced_sorting": 1
          },
          {
            "_doc": "startingodds",
            "_oid": 7677247109,
            "_moid": 11675543407,
            "_otid": 8,
            "_stid": 26,
            "_fid": 70,
            "fieldname": "1:3",
            "value": "40.00",
            "specialoddsvalue": "-1",
            "teamid": 0,
            "status": "open",
            "balanced_sorting": 1
          },
          {
            "_doc": "startingodds",
            "_oid": 7677247109,
            "_moid": 11675543407,
            "_otid": 8,
            "_stid": 26,
            "_fid": 71,
            "fieldname": "2:3",
            "value": "40.00",
            "specialoddsvalue": "-1",
            "teamid": 0,
            "status": "open",
            "balanced_sorting": 1
          },
          {
            "_doc": "startingodds",
            "_oid": 7677247109,
            "_moid": 11675543407,
            "_otid": 8,
            "_stid": 26,
            "_fid": 72,
            "fieldname": "3:3",
            "value": "50.00",
            "specialoddsvalue": "-1",
            "teamid": 0,
            "status": "open",
            "balanced_sorting": 1
          },
          {
            "_doc": "startingodds",
            "_oid": 7677247109,
            "_moid": 11675543407,
            "_otid": 8,
            "_stid": 26,
            "_fid": 113,
            "fieldname": "other",
            "value": "8.25",
            "specialoddsvalue": "-1",
            "teamid": 0,
            "status": "open",
            "balanced_sorting": 1
          },
          {
            "_doc": "startingodds",
            "_oid": 7677247111,
            "_moid": 11675543408,
            "_otid": 8,
            "_stid": 27,
            "_fid": 34,
            "fieldname": "1X",
            "value": "1.25",
            "specialoddsvalue": "-1",
            "teamid": 0,
            "status": "open",
            "balanced_sorting": 1
          },
          {
            "_doc": "startingodds",
            "_oid": 7677247111,
            "_moid": 11675543408,
            "_otid": 8,
            "_stid": 27,
            "_fid": 35,
            "fieldname": "12",
            "value": "1.25",
            "specialoddsvalue": "-1",
            "teamid": 0,
            "status": "open",
            "balanced_sorting": 1
          },
          {
            "_doc": "startingodds",
            "_oid": 7677247111,
            "_moid": 11675543408,
            "_otid": 8,
            "_stid": 27,
            "_fid": 36,
            "fieldname": "X2",
            "value": "1.65",
            "specialoddsvalue": "-1",
            "teamid": 0,
            "status": "open",
            "balanced_sorting": 1
          },
          {
            "_doc": "startingodds",
            "_oid": 7677247121,
            "_moid": 11675543409,
            "_otid": 8,
            "_stid": 31,
            "_fid": 43,
            "fieldname": "odd",
            "value": "1.80",
            "specialoddsvalue": "-1",
            "teamid": 0,
            "status": "open",
            "balanced_sorting": 1
          },
          {
            "_doc": "startingodds",
            "_oid": 7677247121,
            "_moid": 11675543409,
            "_otid": 8,
            "_stid": 31,
            "_fid": 44,
            "fieldname": "even",
            "value": "1.85",
            "specialoddsvalue": "-1",
            "teamid": 0,
            "status": "open",
            "balanced_sorting": 1
          },
          {
            "_doc": "startingodds",
            "_oid": 7677247114,
            "_moid": 11675543416,
            "_otid": 8,
            "_stid": 119,
            "_fid": 364,
            "fieldname": "first half",
            "value": "2.30",
            "specialoddsvalue": "-1",
            "teamid": 0,
            "status": "open",
            "balanced_sorting": 1
          },
          {
            "_doc": "startingodds",
            "_oid": 7677247114,
            "_moid": 11675543416,
            "_otid": 8,
            "_stid": 119,
            "_fid": 365,
            "fieldname": "second half",
            "value": "2.85",
            "specialoddsvalue": "-1",
            "teamid": 0,
            "status": "open",
            "balanced_sorting": 1
          },
          {
            "_doc": "startingodds",
            "_oid": 7677247114,
            "_moid": 11675543416,
            "_otid": 8,
            "_stid": 119,
            "_fid": 366,
            "fieldname": "equals",
            "value": "2.70",
            "specialoddsvalue": "-1",
            "teamid": 0,
            "status": "open",
            "balanced_sorting": 1
          },
          {
            "_doc": "startingodds",
            "_oid": 7677247126,
            "_moid": 11675543417,
            "_otid": 8,
            "_stid": 140,
            "_fid": 411,
            "fieldname": "0",
            "value": "10.25",
            "specialoddsvalue": "-1",
            "teamid": 0,
            "status": "open",
            "balanced_sorting": 1
          },
          {
            "_doc": "startingodds",
            "_oid": 7677247126,
            "_moid": 11675543417,
            "_otid": 8,
            "_stid": 140,
            "_fid": 412,
            "fieldname": "1",
            "value": "4.35",
            "specialoddsvalue": "-1",
            "teamid": 0,
            "status": "open",
            "balanced_sorting": 1
          },
          {
            "_doc": "startingodds",
            "_oid": 7677247126,
            "_moid": 11675543417,
            "_otid": 8,
            "_stid": 140,
            "_fid": 413,
            "fieldname": "2",
            "value": "3.50",
            "specialoddsvalue": "-1",
            "teamid": 0,
            "status": "open",
            "balanced_sorting": 1
          },
          {
            "_doc": "startingodds",
            "_oid": 7677247126,
            "_moid": 11675543417,
            "_otid": 8,
            "_stid": 140,
            "_fid": 414,
            "fieldname": "3",
            "value": "3.70",
            "specialoddsvalue": "-1",
            "teamid": 0,
            "status": "open",
            "balanced_sorting": 1
          },
          {
            "_doc": "startingodds",
            "_oid": 7677247126,
            "_moid": 11675543417,
            "_otid": 8,
            "_stid": 140,
            "_fid": 415,
            "fieldname": "4",
            "value": "5.50",
            "specialoddsvalue": "-1",
            "teamid": 0,
            "status": "open",
            "balanced_sorting": 1
          },
          {
            "_doc": "startingodds",
            "_oid": 7677247126,
            "_moid": 11675543417,
            "_otid": 8,
            "_stid": 140,
            "_fid": 416,
            "fieldname": "5",
            "value": "10.25",
            "specialoddsvalue": "-1",
            "teamid": 0,
            "status": "open",
            "balanced_sorting": 1
          },
          {
            "_doc": "startingodds",
            "_oid": 7677247126,
            "_moid": 11675543417,
            "_otid": 8,
            "_stid": 140,
            "_fid": 417,
            "fieldname": "6+",
            "value": "30.00",
            "specialoddsvalue": "-1",
            "teamid": 0,
            "status": "open",
            "balanced_sorting": 1
          },
          {
            "_doc": "startingodds",
            "_oid": 7677247115,
            "_moid": 11675543418,
            "_otid": 8,
            "_stid": 142,
            "_fid": 423,
            "fieldname": "under",
            "value": "3.60",
            "specialoddsvalue": "0.5",
            "teamid": 0,
            "status": "lost",
            "balanced_sorting": 2
          },
          {
            "_doc": "startingodds",
            "_oid": 7677247115,
            "_moid": 11675543418,
            "_otid": 8,
            "_stid": 142,
            "_fid": 424,
            "fieldname": "over",
            "value": "1.20",
            "specialoddsvalue": "0.5",
            "teamid": 0,
            "status": "won",
            "balanced_sorting": 2
          },
          {
            "_doc": "startingodds",
            "_oid": 7677247116,
            "_moid": 11675543419,
            "_otid": 8,
            "_stid": 142,
            "_fid": 423,
            "fieldname": "under",
            "value": "1.65",
            "specialoddsvalue": "1.5",
            "teamid": 0,
            "status": "lost",
            "balanced_sorting": 1
          },
          {
            "_doc": "startingodds",
            "_oid": 7677247116,
            "_moid": 11675543419,
            "_otid": 8,
            "_stid": 142,
            "_fid": 424,
            "fieldname": "over",
            "value": "2.00",
            "specialoddsvalue": "1.5",
            "teamid": 0,
            "status": "won",
            "balanced_sorting": 1
          },
          {
            "_doc": "startingodds",
            "_oid": 7677247117,
            "_moid": 11675543420,
            "_otid": 8,
            "_stid": 142,
            "_fid": 423,
            "fieldname": "under",
            "value": "1.15",
            "specialoddsvalue": "2.5",
            "teamid": 0,
            "status": "open",
            "balanced_sorting": 3
          },
          {
            "_doc": "startingodds",
            "_oid": 7677247117,
            "_moid": 11675543420,
            "_otid": 8,
            "_stid": 142,
            "_fid": 424,
            "fieldname": "over",
            "value": "4.15",
            "specialoddsvalue": "2.5",
            "teamid": 0,
            "status": "open",
            "balanced_sorting": 3
          },
          {
            "_doc": "startingodds",
            "_oid": 7677247118,
            "_moid": 11675543421,
            "_otid": 8,
            "_stid": 143,
            "_fid": 425,
            "fieldname": "under",
            "value": "2.60",
            "specialoddsvalue": "0.5",
            "teamid": 0,
            "status": "lost",
            "balanced_sorting": 1
          },
          {
            "_doc": "startingodds",
            "_oid": 7677247118,
            "_moid": 11675543421,
            "_otid": 8,
            "_stid": 143,
            "_fid": 426,
            "fieldname": "over",
            "value": "1.40",
            "specialoddsvalue": "0.5",
            "teamid": 0,
            "status": "won",
            "balanced_sorting": 1
          },
          {
            "_doc": "startingodds",
            "_oid": 7677247119,
            "_moid": 11675543422,
            "_otid": 8,
            "_stid": 143,
            "_fid": 425,
            "fieldname": "under",
            "value": "1.30",
            "specialoddsvalue": "1.5",
            "teamid": 0,
            "status": "lost",
            "balanced_sorting": 2
          },
          {
            "_doc": "startingodds",
            "_oid": 7677247119,
            "_moid": 11675543422,
            "_otid": 8,
            "_stid": 143,
            "_fid": 426,
            "fieldname": "over",
            "value": "2.95",
            "specialoddsvalue": "1.5",
            "teamid": 0,
            "status": "won",
            "balanced_sorting": 2
          },
          {
            "_doc": "startingodds",
            "_oid": 7677247130,
            "_moid": 11675543424,
            "_otid": 8,
            "_stid": 183,
            "_fid": 671,
            "fieldname": "1 + under",
            "value": "7.00",
            "specialoddsvalue": "1.5",
            "teamid": 0,
            "status": "open",
            "balanced_sorting": 1
          },
          {
            "_doc": "startingodds",
            "_oid": 7677247130,
            "_moid": 11675543424,
            "_otid": 8,
            "_stid": 183,
            "_fid": 673,
            "fieldname": "X + under",
            "value": "10.00",
            "specialoddsvalue": "1.5",
            "teamid": 0,
            "status": "open",
            "balanced_sorting": 1
          },
          {
            "_doc": "startingodds",
            "_oid": 7677247130,
            "_moid": 11675543424,
            "_otid": 8,
            "_stid": 183,
            "_fid": 675,
            "fieldname": "2 + under",
            "value": "10.75",
            "specialoddsvalue": "1.5",
            "teamid": 0,
            "status": "open",
            "balanced_sorting": 1
          },
          {
            "_doc": "startingodds",
            "_oid": 7677247130,
            "_moid": 11675543424,
            "_otid": 8,
            "_stid": 183,
            "_fid": 677,
            "fieldname": "1 + over",
            "value": "2.40",
            "specialoddsvalue": "1.5",
            "teamid": 0,
            "status": "open",
            "balanced_sorting": 1
          },
          {
            "_doc": "startingodds",
            "_oid": 7677247130,
            "_moid": 11675543424,
            "_otid": 8,
            "_stid": 183,
            "_fid": 679,
            "fieldname": "X + over",
            "value": "4.35",
            "specialoddsvalue": "1.5",
            "teamid": 0,
            "status": "open",
            "balanced_sorting": 1
          },
          {
            "_doc": "startingodds",
            "_oid": 7677247130,
            "_moid": 11675543424,
            "_otid": 8,
            "_stid": 183,
            "_fid": 681,
            "fieldname": "2 + over",
            "value": "4.60",
            "specialoddsvalue": "1.5",
            "teamid": 0,
            "status": "open",
            "balanced_sorting": 1
          },
          {
            "_doc": "startingodds",
            "_oid": 7677247131,
            "_moid": 11675543425,
            "_otid": 8,
            "_stid": 183,
            "_fid": 671,
            "fieldname": "1 + under",
            "value": "4.35",
            "specialoddsvalue": "2.5",
            "teamid": 0,
            "status": "open",
            "balanced_sorting": 2
          },
          {
            "_doc": "startingodds",
            "_oid": 7677247131,
            "_moid": 11675543425,
            "_otid": 8,
            "_stid": 183,
            "_fid": 673,
            "fieldname": "X + under",
            "value": "4.10",
            "specialoddsvalue": "2.5",
            "teamid": 0,
            "status": "open",
            "balanced_sorting": 2
          },
          {
            "_doc": "startingodds",
            "_oid": 7677247131,
            "_moid": 11675543425,
            "_otid": 8,
            "_stid": 183,
            "_fid": 675,
            "fieldname": "2 + under",
            "value": "6.75",
            "specialoddsvalue": "2.5",
            "teamid": 0,
            "status": "open",
            "balanced_sorting": 2
          },
          {
            "_doc": "startingodds",
            "_oid": 7677247131,
            "_moid": 11675543425,
            "_otid": 8,
            "_stid": 183,
            "_fid": 677,
            "fieldname": "1 + over",
            "value": "3.00",
            "specialoddsvalue": "2.5",
            "teamid": 0,
            "status": "open",
            "balanced_sorting": 2
          },
          {
            "_doc": "startingodds",
            "_oid": 7677247131,
            "_moid": 11675543425,
            "_otid": 8,
            "_stid": 183,
            "_fid": 679,
            "fieldname": "X + over",
            "value": "12.00",
            "specialoddsvalue": "2.5",
            "teamid": 0,
            "status": "open",
            "balanced_sorting": 2
          },
          {
            "_doc": "startingodds",
            "_oid": 7677247131,
            "_moid": 11675543425,
            "_otid": 8,
            "_stid": 183,
            "_fid": 681,
            "fieldname": "2 + over",
            "value": "6.00",
            "specialoddsvalue": "2.5",
            "teamid": 0,
            "status": "open",
            "balanced_sorting": 2
          },
          {
            "_doc": "startingodds",
            "_oid": 7677247113,
            "_moid": 11675543426,
            "_otid": 8,
            "_stid": 259,
            "_fid": 2895,
            "fieldname": "both",
            "value": "1.70",
            "specialoddsvalue": "-1",
            "teamid": 0,
            "status": "open",
            "balanced_sorting": 1
          },
          {
            "_doc": "startingodds",
            "_oid": 7677247113,
            "_moid": 11675543426,
            "_otid": 8,
            "_stid": 259,
            "_fid": 2897,
            "fieldname": "only home",
            "value": "3.45",
            "specialoddsvalue": "-1",
            "teamid": 0,
            "status": "open",
            "balanced_sorting": 1
          },
          {
            "_doc": "startingodds",
            "_oid": 7677247113,
            "_moid": 11675543426,
            "_otid": 8,
            "_stid": 259,
            "_fid": 2899,
            "fieldname": "only away",
            "value": "6.25",
            "specialoddsvalue": "-1",
            "teamid": 0,
            "status": "open",
            "balanced_sorting": 1
          },
          {
            "_doc": "startingodds",
            "_oid": 7677247113,
            "_moid": 11675543426,
            "_otid": 8,
            "_stid": 259,
            "_fid": 2901,
            "fieldname": "none",
            "value": "10.50",
            "specialoddsvalue": "-1",
            "teamid": 0,
            "status": "open",
            "balanced_sorting": 1
          },
          {
            "_doc": "startingodds",
            "_oid": 7677247129,
            "_moid": 11675543427,
            "_otid": 8,
            "_stid": 325,
            "_fid": 3117,
            "fieldname": "1X",
            "value": "1.16",
            "specialoddsvalue": "-1",
            "teamid": 0,
            "status": "won",
            "balanced_sorting": 1
          },
          {
            "_doc": "startingodds",
            "_oid": 7677247129,
            "_moid": 11675543427,
            "_otid": 8,
            "_stid": 325,
            "_fid": 3119,
            "fieldname": "12",
            "value": "1.35",
            "specialoddsvalue": "-1",
            "teamid": 0,
            "status": "won",
            "balanced_sorting": 1
          },
          {
            "_doc": "startingodds",
            "_oid": 7677247129,
            "_moid": 11675543427,
            "_otid": 8,
            "_stid": 325,
            "_fid": 3121,
            "fieldname": "X2",
            "value": "1.40",
            "specialoddsvalue": "-1",
            "teamid": 0,
            "status": "lost",
            "balanced_sorting": 1
          },
          {
            "_doc": "startingodds",
            "_oid": 7677247112,
            "_moid": 11675543428,
            "_otid": 8,
            "_stid": 1034,
            "_fid": 4766,
            "fieldname": "yes",
            "value": "1.75",
            "specialoddsvalue": "-1",
            "teamid": 0,
            "status": "won",
            "balanced_sorting": 1
          },
          {
            "_doc": "startingodds",
            "_oid": 7677247112,
            "_moid": 11675543428,
            "_otid": 8,
            "_stid": 1034,
            "_fid": 4768,
            "fieldname": "no",
            "value": "1.95",
            "specialoddsvalue": "-1",
            "teamid": 0,
            "status": "lost",
            "balanced_sorting": 1
          },
          {
            "_doc": "startingodds",
            "_oid": 7677247110,
            "_moid": 11675543429,
            "_otid": 8,
            "_stid": 1422,
            "_fid": 6254,
            "fieldname": "11",
            "value": "2.65",
            "specialoddsvalue": "-1",
            "teamid": 0,
            "status": "open",
            "balanced_sorting": 1
          },
          {
            "_doc": "startingodds",
            "_oid": 7677247110,
            "_moid": 11675543429,
            "_otid": 8,
            "_stid": 1422,
            "_fid": 6256,
            "fieldname": "1X",
            "value": "11.25",
            "specialoddsvalue": "-1",
            "teamid": 0,
            "status": "open",
            "balanced_sorting": 1
          },
          {
            "_doc": "startingodds",
            "_oid": 7677247110,
            "_moid": 11675543429,
            "_otid": 8,
            "_stid": 1422,
            "_fid": 6258,
            "fieldname": "12",
            "value": "54.00",
            "specialoddsvalue": "-1",
            "teamid": 0,
            "status": "open",
            "balanced_sorting": 1
          },
          {
            "_doc": "startingodds",
            "_oid": 7677247110,
            "_moid": 11675543429,
            "_otid": 8,
            "_stid": 1422,
            "_fid": 6260,
            "fieldname": "X1",
            "value": "6.50",
            "specialoddsvalue": "-1",
            "teamid": 0,
            "status": "open",
            "balanced_sorting": 1
          },
          {
            "_doc": "startingodds",
            "_oid": 7677247110,
            "_moid": 11675543429,
            "_otid": 8,
            "_stid": 1422,
            "_fid": 6262,
            "fieldname": "XX",
            "value": "5.75",
            "specialoddsvalue": "-1",
            "teamid": 0,
            "status": "open",
            "balanced_sorting": 1
          },
          {
            "_doc": "startingodds",
            "_oid": 7677247110,
            "_moid": 11675543429,
            "_otid": 8,
            "_stid": 1422,
            "_fid": 6264,
            "fieldname": "X2",
            "value": "7.50",
            "specialoddsvalue": "-1",
            "teamid": 0,
            "status": "open",
            "balanced_sorting": 1
          },
          {
            "_doc": "startingodds",
            "_oid": 7677247110,
            "_moid": 11675543429,
            "_otid": 8,
            "_stid": 1422,
            "_fid": 6266,
            "fieldname": "21",
            "value": "36.00",
            "specialoddsvalue": "-1",
            "teamid": 0,
            "status": "open",
            "balanced_sorting": 1
          },
          {
            "_doc": "startingodds",
            "_oid": 7677247110,
            "_moid": 11675543429,
            "_otid": 8,
            "_stid": 1422,
            "_fid": 6268,
            "fieldname": "2X",
            "value": "14.75",
            "specialoddsvalue": "-1",
            "teamid": 0,
            "status": "open",
            "balanced_sorting": 1
          },
          {
            "_doc": "startingodds",
            "_oid": 7677247110,
            "_moid": 11675543429,
            "_otid": 8,
            "_stid": 1422,
            "_fid": 6270,
            "fieldname": "22",
            "value": "6.25",
            "specialoddsvalue": "-1",
            "teamid": 0,
            "status": "open",
            "balanced_sorting": 1
          },
          {
            "_doc": "startingodds",
            "_oid": 7677247127,
            "_moid": 11675543430,
            "_otid": 8,
            "_stid": 1541,
            "_fid": 7241,
            "fieldname": "0",
            "value": "4.10",
            "specialoddsvalue": "-1",
            "teamid": 0,
            "status": "open",
            "balanced_sorting": 1
          },
          {
            "_doc": "startingodds",
            "_oid": 7677247127,
            "_moid": 11675543430,
            "_otid": 8,
            "_stid": 1541,
            "_fid": 7243,
            "fieldname": "1",
            "value": "2.70",
            "specialoddsvalue": "-1",
            "teamid": 0,
            "status": "open",
            "balanced_sorting": 1
          },
          {
            "_doc": "startingodds",
            "_oid": 7677247127,
            "_moid": 11675543430,
            "_otid": 8,
            "_stid": 1541,
            "_fid": 7245,
            "fieldname": "2",
            "value": "3.45",
            "specialoddsvalue": "-1",
            "teamid": 0,
            "status": "open",
            "balanced_sorting": 1
          },
          {
            "_doc": "startingodds",
            "_oid": 7677247127,
            "_moid": 11675543430,
            "_otid": 8,
            "_stid": 1541,
            "_fid": 7247,
            "fieldname": "3",
            "value": "8.50",
            "specialoddsvalue": "-1",
            "teamid": 0,
            "status": "open",
            "balanced_sorting": 1
          },
          {
            "_doc": "startingodds",
            "_oid": 7677247127,
            "_moid": 11675543430,
            "_otid": 8,
            "_stid": 1541,
            "_fid": 7249,
            "fieldname": "4+",
            "value": "11.75",
            "specialoddsvalue": "-1",
            "teamid": 0,
            "status": "open",
            "balanced_sorting": 1
          },
          {
            "_doc": "startingodds",
            "_oid": 7677247128,
            "_moid": 11675543431,
            "_otid": 8,
            "_stid": 1543,
            "_fid": 7251,
            "fieldname": "0",
            "value": "2.75",
            "specialoddsvalue": "-1",
            "teamid": 0,
            "status": "open",
            "balanced_sorting": 1
          },
          {
            "_doc": "startingodds",
            "_oid": 7677247128,
            "_moid": 11675543431,
            "_otid": 8,
            "_stid": 1543,
            "_fid": 7253,
            "fieldname": "1",
            "value": "2.35",
            "specialoddsvalue": "-1",
            "teamid": 0,
            "status": "open",
            "balanced_sorting": 1
          },
          {
            "_doc": "startingodds",
            "_oid": 7677247128,
            "_moid": 11675543431,
            "_otid": 8,
            "_stid": 1543,
            "_fid": 7255,
            "fieldname": "2",
            "value": "4.10",
            "specialoddsvalue": "-1",
            "teamid": 0,
            "status": "open",
            "balanced_sorting": 1
          },
          {
            "_doc": "startingodds",
            "_oid": 7677247128,
            "_moid": 11675543431,
            "_otid": 8,
            "_stid": 1543,
            "_fid": 7257,
            "fieldname": "3",
            "value": "17.25",
            "specialoddsvalue": "-1",
            "teamid": 0,
            "status": "open",
            "balanced_sorting": 1
          },
          {
            "_doc": "startingodds",
            "_oid": 7677247128,
            "_moid": 11675543431,
            "_otid": 8,
            "_stid": 1543,
            "_fid": 7259,
            "fieldname": "4+",
            "value": "68.00",
            "specialoddsvalue": "-1",
            "teamid": 0,
            "status": "open",
            "balanced_sorting": 1
          }
        ]
      }
    }
  ]
}