{
  "queryUrl": "match_odds2/1390710646",
  "doc": [
    {
      "event": "match_odds",
      "_dob": 1761558338,
      "_maxage": 10,
      "data": {
        "_doc": "match",
        "_id": 1390710646,
        "_sid": 1,
        "_seasonid": 3015403,
        "_rcid": 1111,
        "_tid": 56369,
        "_utid": 14562,
        "_dt": {
          "_doc": "time",
          "time": "10:46",
          "date": "27/10/25",
          "tz": "CET",
          "uts": 1761558417
        },
        "round": 13,
        "roundname": {
          "_doc": "tableround",
          "_id": 13,
          "name": 13
        },
        "coverage": {
          "lineup": 0,
          "formations": 0,
          "livetable": 0,
          "injuries": 0,
          "ballspotting": false,
          "cornersonly": false,
          "multicast": false,
          "scoutmatch": 0,
          "liveodds": true,
          "deepercoverage": false,
          "tacticallineup": false,
          "hasstats": true,
          "advantage": null,
          "tiebreak": null,
          "liveoddssubscription": false
        },
        "result": {
          "home": null,
          "away": null,
          "winner": null
        },
        "periods": {},
        "p": "0",
        "ptime": 1761558417,
        "timeinfo": {
          "started": null,
          "played": null,
          "remaining": null,
          "running": false
        },
        "teams": {
          "home": {
            "_doc": "team",
            "_id": 8982016,
            "uid": 276516,
            "name": "Nottingham",
            "abbr": "NOT"
          },
          "away": {
            "_doc": "team",
            "_id": 8982010,
            "uid": 276510,
            "name": "Manchester Kék",
            "abbr": "MAK"
          }
        },
        "status": {
          "_doc": "status",
          "_id": 0,
          "name": "Not started"
        },
        "removed": false,
        "facts": false,
        "localderby": false,
        "matchstatus": "upcoming",
        "hf": 0,
        "periodlength": 45,
        "week": 0,
        "odds": [
          {
            "_doc": "startingodds",
            "_oid": 7675821820,
            "_moid": 11674089929,
            "_otid": 2,
            "_stid": -1,
            "_fid": 1,
            "fieldname": "1",
            "value": "5.25",
            "specialoddsvalue": "-1",
            "teamid": 0,
            "status": "open",
            "balanced_sorting": 1
          },
          {
            "_doc": "startingodds",
            "_oid": 7675821820,
            "_moid": 11674089929,
            "_otid": 2,
            "_stid": -1,
            "_fid": 2,
            "fieldname": "x",
            "value": "4.55",
            "specialoddsvalue": "-1",
            "teamid": 0,
            "status": "open",
            "balanced_sorting": 1
          },
          {
            "_doc": "startingodds",
            "_oid": 7675821820,
            "_moid": 11674089929,
            "_otid": 2,
            "_stid": -1,
            "_fid": 3,
            "fieldname": "2",
            "value": "1.40",
            "specialoddsvalue": "-1",
            "teamid": 0,
            "status": "open",
            "balanced_sorting": 1
          },
          {
            "_doc": "startingodds",
            "_oid": 7675821823,
            "_moid": 11674089930,
            "_otid": 5,
            "_stid": -1,
            "_fid": 11,
            "fieldname": "o",
            "value": "1.18",
            "specialoddsvalue": "1.5",
            "teamid": 0,
            "status": "open",
            "balanced_sorting": 3
          },
          {
            "_doc": "startingodds",
            "_oid": 7675821823,
            "_moid": 11674089930,
            "_otid": 5,
            "_stid": -1,
            "_fid": 12,
            "fieldname": "u",
            "value": "3.80",
            "specialoddsvalue": "1.5",
            "teamid": 0,
            "status": "open",
            "balanced_sorting": 3
          },
          {
            "_doc": "startingodds",
            "_oid": 7675821824,
            "_moid": 11674089931,
            "_otid": 5,
            "_stid": -1,
            "_fid": 11,
            "fieldname": "o",
            "value": "1.60",
            "specialoddsvalue": "2.5",
            "teamid": 0,
            "status": "open",
            "balanced_sorting": 1
          },
          {
            "_doc": "startingodds",
            "_oid": 7675821824,
            "_moid": 11674089931,
            "_otid": 5,
            "_stid": -1,
            "_fid": 12,
            "fieldname": "u",
            "value": "2.05",
            "specialoddsvalue": "2.5",
            "teamid": 0,
            "status": "open",
            "balanced_sorting": 1
          },
          {
            "_doc": "startingodds",
            "_oid": 7675821825,
            "_moid": 11674089932,
            "_otid": 5,
            "_stid": -1,
            "_fid": 11,
            "fieldname": "o",
            "value": "2.65",
            "specialoddsvalue": "3.5",
            "teamid": 0,
            "status": "open",
            "balanced_sorting": 2
          },
          {
            "_doc": "startingodds",
            "_oid": 7675821825,
            "_moid": 11674089932,
            "_otid": 5,
            "_stid": -1,
            "_fid": 12,
            "fieldname": "u",
            "value": "1.35",
            "specialoddsvalue": "3.5",
            "teamid": 0,
            "status": "open",
            "balanced_sorting": 2
          },
          {
            "_doc": "startingodds",
            "_oid": 7675821827,
            "_moid": 11674089933,
            "_otid": 4,
            "_stid": -1,
            "_fid": 7,
            "fieldname": "1",
            "value": "13.50",
            "specialoddsvalue": "0:1",
            "teamid": 0,
            "status": "open",
            "balanced_sorting": 3
          },
          {
            "_doc": "startingodds",
            "_oid": 7675821827,
            "_moid": 11674089933,
            "_otid": 4,
            "_stid": -1,
            "_fid": 9,
            "fieldname": "x",
            "value": "5.75",
            "specialoddsvalue": "0:1",
            "teamid": 0,
            "status": "open",
            "balanced_sorting": 3
          },
          {
            "_doc": "startingodds",
            "_oid": 7675821827,
            "_moid": 11674089933,
            "_otid": 4,
            "_stid": -1,
            "_fid": 8,
            "fieldname": "2",
            "value": "1.12",
            "specialoddsvalue": "0:1",
            "teamid": 0,
            "status": "open",
            "balanced_sorting": 3
          },
          {
            "_doc": "startingodds",
            "_oid": 7675821828,
            "_moid": 11674089935,
            "_otid": 4,
            "_stid": -1,
            "_fid": 7,
            "fieldname": "1",
            "value": "2.55",
            "specialoddsvalue": "1:0",
            "teamid": 0,
            "status": "open",
            "balanced_sorting": 1
          },
          {
            "_doc": "startingodds",
            "_oid": 7675821828,
            "_moid": 11674089935,
            "_otid": 4,
            "_stid": -1,
            "_fid": 9,
            "fieldname": "x",
            "value": "3.25",
            "specialoddsvalue": "1:0",
            "teamid": 0,
            "status": "open",
            "balanced_sorting": 1
          },
          {
            "_doc": "startingodds",
            "_oid": 7675821828,
            "_moid": 11674089935,
            "_otid": 4,
            "_stid": -1,
            "_fid": 8,
            "fieldname": "2",
            "value": "2.25",
            "specialoddsvalue": "1:0",
            "teamid": 0,
            "status": "open",
            "balanced_sorting": 1
          },
          {
            "_doc": "startingodds",
            "_oid": 7675821829,
            "_moid": 11674089936,
            "_otid": 4,
            "_stid": -1,
            "_fid": 7,
            "fieldname": "1",
            "value": "1.50",
            "specialoddsvalue": "2:0",
            "teamid": 0,
            "status": "open",
            "balanced_sorting": 2
          },
          {
            "_doc": "startingodds",
            "_oid": 7675821829,
            "_moid": 11674089936,
            "_otid": 4,
            "_stid": -1,
            "_fid": 9,
            "fieldname": "x",
            "value": "4.25",
            "specialoddsvalue": "2:0",
            "teamid": 0,
            "status": "open",
            "balanced_sorting": 2
          },
          {
            "_doc": "startingodds",
            "_oid": 7675821829,
            "_moid": 11674089936,
            "_otid": 4,
            "_stid": -1,
            "_fid": 8,
            "fieldname": "2",
            "value": "4.05",
            "specialoddsvalue": "2:0",
            "teamid": 0,
            "status": "open",
            "balanced_sorting": 2
          },
          {
            "_doc": "startingodds",
            "_oid": 7675821822,
            "_moid": 11674089937,
            "_otid": 6,
            "_stid": 13,
            "_fid": 14,
            "fieldname": "1",
            "value": "2.80",
            "specialoddsvalue": "0:0",
            "teamid": 0,
            "status": "open",
            "balanced_sorting": 1
          },
          {
            "_doc": "startingodds",
            "_oid": 7675821822,
            "_moid": 11674089937,
            "_otid": 6,
            "_stid": 13,
            "_fid": 15,
            "fieldname": "x",
            "value": "17.50",
            "specialoddsvalue": "0:0",
            "teamid": 0,
            "status": "open",
            "balanced_sorting": 1
          },
          {
            "_doc": "startingodds",
            "_oid": 7675821822,
            "_moid": 11674089937,
            "_otid": 6,
            "_stid": 13,
            "_fid": 16,
            "fieldname": "2",
            "value": "1.35",
            "specialoddsvalue": "0:0",
            "teamid": 0,
            "status": "open",
            "balanced_sorting": 1
          },
          {
            "_doc": "startingodds",
            "_oid": 7675821821,
            "_moid": 11674089938,
            "_otid": 6,
            "_stid": 22,
            "_fid": 14,
            "fieldname": "1",
            "value": "4.80",
            "specialoddsvalue": "-1",
            "teamid": 0,
            "status": "open",
            "balanced_sorting": 1
          },
          {
            "_doc": "startingodds",
            "_oid": 7675821821,
            "_moid": 11674089938,
            "_otid": 6,
            "_stid": 22,
            "_fid": 15,
            "fieldname": "x",
            "value": "2.60",
            "specialoddsvalue": "-1",
            "teamid": 0,
            "status": "open",
            "balanced_sorting": 1
          },
          {
            "_doc": "startingodds",
            "_oid": 7675821821,
            "_moid": 11674089938,
            "_otid": 6,
            "_stid": 22,
            "_fid": 16,
            "fieldname": "2",
            "value": "1.80",
            "specialoddsvalue": "-1",
            "teamid": 0,
            "status": "open",
            "balanced_sorting": 1
          },
          {
            "_doc": "startingodds",
            "_oid": 7675821843,
            "_moid": 11674089939,
            "_otid": 7,
            "_stid": 16,
            "_fid": 17,
            "fieldname": "1",
            "value": "3.95",
            "specialoddsvalue": "-1",
            "teamid": 0,
            "status": "open",
            "balanced_sorting": 1
          },
          {
            "_doc": "startingodds",
            "_oid": 7675821843,
            "_moid": 11674089939,
            "_otid": 7,
            "_stid": 16,
            "_fid": 18,
            "fieldname": "2",
            "value": "1.16",
            "specialoddsvalue": "-1",
            "teamid": 0,
            "status": "open",
            "balanced_sorting": 1
          },
          {
            "_doc": "startingodds",
            "_oid": 7675821844,
            "_moid": 11674089940,
            "_otid": 7,
            "_stid": 21,
            "_fid": 17,
            "fieldname": "u",
            "value": "3.90",
            "specialoddsvalue": "0.5",
            "teamid": 0,
            "status": "open",
            "balanced_sorting": 2
          },
          {
            "_doc": "startingodds",
            "_oid": 7675821844,
            "_moid": 11674089940,
            "_otid": 7,
            "_stid": 21,
            "_fid": 18,
            "fieldname": "o",
            "value": "1.18",
            "specialoddsvalue": "0.5",
            "teamid": 0,
            "status": "open",
            "balanced_sorting": 2
          },
          {
            "_doc": "startingodds",
            "_oid": 7675821845,
            "_moid": 11674089941,
            "_otid": 7,
            "_stid": 21,
            "_fid": 17,
            "fieldname": "u",
            "value": "1.70",
            "specialoddsvalue": "1.5",
            "teamid": 0,
            "status": "open",
            "balanced_sorting": 1
          },
          {
            "_doc": "startingodds",
            "_oid": 7675821845,
            "_moid": 11674089941,
            "_otid": 7,
            "_stid": 21,
            "_fid": 18,
            "fieldname": "o",
            "value": "1.90",
            "specialoddsvalue": "1.5",
            "teamid": 0,
            "status": "open",
            "balanced_sorting": 1
          },
          {
            "_doc": "startingodds",
            "_oid": 7675821846,
            "_moid": 11674089942,
            "_otid": 7,
            "_stid": 21,
            "_fid": 17,
            "fieldname": "u",
            "value": "1.12",
            "specialoddsvalue": "2.5",
            "teamid": 0,
            "status": "open",
            "balanced_sorting": 3
          },
          {
            "_doc": "startingodds",
            "_oid": 7675821846,
            "_moid": 11674089942,
            "_otid": 7,
            "_stid": 21,
            "_fid": 18,
            "fieldname": "o",
            "value": "4.45",
            "specialoddsvalue": "2.5",
            "teamid": 0,
            "status": "open",
            "balanced_sorting": 3
          },
          {
            "_doc": "startingodds",
            "_oid": 7675821830,
            "_moid": 11674089949,
            "_otid": 8,
            "_stid": 26,
            "_fid": 45,
            "fieldname": "0:0",
            "value": "16.50",
            "specialoddsvalue": "-1",
            "teamid": 0,
            "status": "open",
            "balanced_sorting": 1
          },
          {
            "_doc": "startingodds",
            "_oid": 7675821830,
            "_moid": 11674089949,
            "_otid": 8,
            "_stid": 26,
            "_fid": 46,
            "fieldname": "1:0",
            "value": "13.50",
            "specialoddsvalue": "-1",
            "teamid": 0,
            "status": "open",
            "balanced_sorting": 1
          },
          {
            "_doc": "startingodds",
            "_oid": 7675821830,
            "_moid": 11674089949,
            "_otid": 8,
            "_stid": 26,
            "_fid": 47,
            "fieldname": "2:0",
            "value": "28.00",
            "specialoddsvalue": "-1",
            "teamid": 0,
            "status": "open",
            "balanced_sorting": 1
          },
          {
            "_doc": "startingodds",
            "_oid": 7675821830,
            "_moid": 11674089949,
            "_otid": 8,
            "_stid": 26,
            "_fid": 48,
            "fieldname": "3:0",
            "value": "50.00",
            "specialoddsvalue": "-1",
            "teamid": 0,
            "status": "open",
            "balanced_sorting": 1
          },
          {
            "_doc": "startingodds",
            "_oid": 7675821830,
            "_moid": 11674089949,
            "_otid": 8,
            "_stid": 26,
            "_fid": 53,
            "fieldname": "0:1",
            "value": "6.75",
            "specialoddsvalue": "-1",
            "teamid": 0,
            "status": "open",
            "balanced_sorting": 1
          },
          {
            "_doc": "startingodds",
            "_oid": 7675821830,
            "_moid": 11674089949,
            "_otid": 8,
            "_stid": 26,
            "_fid": 54,
            "fieldname": "1:1",
            "value": "7.50",
            "specialoddsvalue": "-1",
            "teamid": 0,
            "status": "open",
            "balanced_sorting": 1
          },
          {
            "_doc": "startingodds",
            "_oid": 7675821830,
            "_moid": 11674089949,
            "_otid": 8,
            "_stid": 26,
            "_fid": 55,
            "fieldname": "2:1",
            "value": "16.50",
            "specialoddsvalue": "-1",
            "teamid": 0,
            "status": "open",
            "balanced_sorting": 1
          },
          {
            "_doc": "startingodds",
            "_oid": 7675821830,
            "_moid": 11674089949,
            "_otid": 8,
            "_stid": 26,
            "_fid": 56,
            "fieldname": "3:1",
            "value": "50.00",
            "specialoddsvalue": "-1",
            "teamid": 0,
            "status": "open",
            "balanced_sorting": 1
          },
          {
            "_doc": "startingodds",
            "_oid": 7675821830,
            "_moid": 11674089949,
            "_otid": 8,
            "_stid": 26,
            "_fid": 61,
            "fieldname": "0:2",
            "value": "6.25",
            "specialoddsvalue": "-1",
            "teamid": 0,
            "status": "open",
            "balanced_sorting": 1
          },
          {
            "_doc": "startingodds",
            "_oid": 7675821830,
            "_moid": 11674089949,
            "_otid": 8,
            "_stid": 26,
            "_fid": 62,
            "fieldname": "1:2",
            "value": "6.25",
            "specialoddsvalue": "-1",
            "teamid": 0,
            "status": "open",
            "balanced_sorting": 1
          },
          {
            "_doc": "startingodds",
            "_oid": 7675821830,
            "_moid": 11674089949,
            "_otid": 8,
            "_stid": 26,
            "_fid": 63,
            "fieldname": "2:2",
            "value": "21.00",
            "specialoddsvalue": "-1",
            "teamid": 0,
            "status": "open",
            "balanced_sorting": 1
          },
          {
            "_doc": "startingodds",
            "_oid": 7675821830,
            "_moid": 11674089949,
            "_otid": 8,
            "_stid": 26,
            "_fid": 64,
            "fieldname": "3:2",
            "value": "40.00",
            "specialoddsvalue": "-1",
            "teamid": 0,
            "status": "open",
            "balanced_sorting": 1
          },
          {
            "_doc": "startingodds",
            "_oid": 7675821830,
            "_moid": 11674089949,
            "_otid": 8,
            "_stid": 26,
            "_fid": 69,
            "fieldname": "0:3",
            "value": "9.00",
            "specialoddsvalue": "-1",
            "teamid": 0,
            "status": "open",
            "balanced_sorting": 1
          },
          {
            "_doc": "startingodds",
            "_oid": 7675821830,
            "_moid": 11674089949,
            "_otid": 8,
            "_stid": 26,
            "_fid": 70,
            "fieldname": "1:3",
            "value": "11.00",
            "specialoddsvalue": "-1",
            "teamid": 0,
            "status": "open",
            "balanced_sorting": 1
          },
          {
            "_doc": "startingodds",
            "_oid": 7675821830,
            "_moid": 11674089949,
            "_otid": 8,
            "_stid": 26,
            "_fid": 71,
            "fieldname": "2:3",
            "value": "18.75",
            "specialoddsvalue": "-1",
            "teamid": 0,
            "status": "open",
            "balanced_sorting": 1
          },
          {
            "_doc": "startingodds",
            "_oid": 7675821830,
            "_moid": 11674089949,
            "_otid": 8,
            "_stid": 26,
            "_fid": 72,
            "fieldname": "3:3",
            "value": "46.00",
            "specialoddsvalue": "-1",
            "teamid": 0,
            "status": "open",
            "balanced_sorting": 1
          },
          {
            "_doc": "startingodds",
            "_oid": 7675821830,
            "_moid": 11674089949,
            "_otid": 8,
            "_stid": 26,
            "_fid": 113,
            "fieldname": "other",
            "value": "5.25",
            "specialoddsvalue": "-1",
            "teamid": 0,
            "status": "open",
            "balanced_sorting": 1
          },
          {
            "_doc": "startingodds",
            "_oid": 7675821832,
            "_moid": 11674089950,
            "_otid": 8,
            "_stid": 27,
            "_fid": 34,
            "fieldname": "1X",
            "value": "2.20",
            "specialoddsvalue": "-1",
            "teamid": 0,
            "status": "open",
            "balanced_sorting": 1
          },
          {
            "_doc": "startingodds",
            "_oid": 7675821832,
            "_moid": 11674089950,
            "_otid": 8,
            "_stid": 27,
            "_fid": 35,
            "fieldname": "12",
            "value": "1.14",
            "specialoddsvalue": "-1",
            "teamid": 0,
            "status": "open",
            "balanced_sorting": 1
          },
          {
            "_doc": "startingodds",
            "_oid": 7675821832,
            "_moid": 11674089950,
            "_otid": 8,
            "_stid": 27,
            "_fid": 36,
            "fieldname": "X2",
            "value": "1.12",
            "specialoddsvalue": "-1",
            "teamid": 0,
            "status": "open",
            "balanced_sorting": 1
          },
          {
            "_doc": "startingodds",
            "_oid": 7675821842,
            "_moid": 11674089951,
            "_otid": 8,
            "_stid": 31,
            "_fid": 43,
            "fieldname": "odd",
            "value": "1.75",
            "specialoddsvalue": "-1",
            "teamid": 0,
            "status": "open",
            "balanced_sorting": 1
          },
          {
            "_doc": "startingodds",
            "_oid": 7675821842,
            "_moid": 11674089951,
            "_otid": 8,
            "_stid": 31,
            "_fid": 44,
            "fieldname": "even",
            "value": "1.85",
            "specialoddsvalue": "-1",
            "teamid": 0,
            "status": "open",
            "balanced_sorting": 1
          },
          {
            "_doc": "startingodds",
            "_oid": 7675821835,
            "_moid": 11674089958,
            "_otid": 8,
            "_stid": 119,
            "_fid": 364,
            "fieldname": "first half",
            "value": "2.30",
            "specialoddsvalue": "-1",
            "teamid": 0,
            "status": "open",
            "balanced_sorting": 1
          },
          {
            "_doc": "startingodds",
            "_oid": 7675821835,
            "_moid": 11674089958,
            "_otid": 8,
            "_stid": 119,
            "_fid": 365,
            "fieldname": "second half",
            "value": "2.50",
            "specialoddsvalue": "-1",
            "teamid": 0,
            "status": "open",
            "balanced_sorting": 1
          },
          {
            "_doc": "startingodds",
            "_oid": 7675821835,
            "_moid": 11674089958,
            "_otid": 8,
            "_stid": 119,
            "_fid": 366,
            "fieldname": "equals",
            "value": "3.15",
            "specialoddsvalue": "-1",
            "teamid": 0,
            "status": "open",
            "balanced_sorting": 1
          },
          {
            "_doc": "startingodds",
            "_oid": 7675821847,
            "_moid": 11674089959,
            "_otid": 8,
            "_stid": 140,
            "_fid": 411,
            "fieldname": "0",
            "value": "19.00",
            "specialoddsvalue": "-1",
            "teamid": 0,
            "status": "open",
            "balanced_sorting": 1
          },
          {
            "_doc": "startingodds",
            "_oid": 7675821847,
            "_moid": 11674089959,
            "_otid": 8,
            "_stid": 140,
            "_fid": 412,
            "fieldname": "1",
            "value": "5.25",
            "specialoddsvalue": "-1",
            "teamid": 0,
            "status": "open",
            "balanced_sorting": 1
          },
          {
            "_doc": "startingodds",
            "_oid": 7675821847,
            "_moid": 11674089959,
            "_otid": 8,
            "_stid": 140,
            "_fid": 413,
            "fieldname": "2",
            "value": "3.60",
            "specialoddsvalue": "-1",
            "teamid": 0,
            "status": "open",
            "balanced_sorting": 1
          },
          {
            "_doc": "startingodds",
            "_oid": 7675821847,
            "_moid": 11674089959,
            "_otid": 8,
            "_stid": 140,
            "_fid": 414,
            "fieldname": "3",
            "value": "3.50",
            "specialoddsvalue": "-1",
            "teamid": 0,
            "status": "open",
            "balanced_sorting": 1
          },
          {
            "_doc": "startingodds",
            "_oid": 7675821847,
            "_moid": 11674089959,
            "_otid": 8,
            "_stid": 140,
            "_fid": 415,
            "fieldname": "4",
            "value": "5.25",
            "specialoddsvalue": "-1",
            "teamid": 0,
            "status": "open",
            "balanced_sorting": 1
          },
          {
            "_doc": "startingodds",
            "_oid": 7675821847,
            "_moid": 11674089959,
            "_otid": 8,
            "_stid": 140,
            "_fid": 416,
            "fieldname": "5",
            "value": "7.50",
            "specialoddsvalue": "-1",
            "teamid": 0,
            "status": "open",
            "balanced_sorting": 1
          },
          {
            "_doc": "startingodds",
            "_oid": 7675821847,
            "_moid": 11674089959,
            "_otid": 8,
            "_stid": 140,
            "_fid": 417,
            "fieldname": "6+",
            "value": "14.00",
            "specialoddsvalue": "-1",
            "teamid": 0,
            "status": "open",
            "balanced_sorting": 1
          },
          {
            "_doc": "startingodds",
            "_oid": 7675821836,
            "_moid": 11674089960,
            "_otid": 8,
            "_stid": 142,
            "_fid": 423,
            "fieldname": "under",
            "value": "2.10",
            "specialoddsvalue": "0.5",
            "teamid": 0,
            "status": "open",
            "balanced_sorting": 1
          },
          {
            "_doc": "startingodds",
            "_oid": 7675821836,
            "_moid": 11674089960,
            "_otid": 8,
            "_stid": 142,
            "_fid": 424,
            "fieldname": "over",
            "value": "1.55",
            "specialoddsvalue": "0.5",
            "teamid": 0,
            "status": "open",
            "balanced_sorting": 1
          },
          {
            "_doc": "startingodds",
            "_oid": 7675821837,
            "_moid": 11674089961,
            "_otid": 8,
            "_stid": 142,
            "_fid": 423,
            "fieldname": "under",
            "value": "1.18",
            "specialoddsvalue": "1.5",
            "teamid": 0,
            "status": "open",
            "balanced_sorting": 2
          },
          {
            "_doc": "startingodds",
            "_oid": 7675821837,
            "_moid": 11674089961,
            "_otid": 8,
            "_stid": 142,
            "_fid": 424,
            "fieldname": "over",
            "value": "3.80",
            "specialoddsvalue": "1.5",
            "teamid": 0,
            "status": "open",
            "balanced_sorting": 2
          },
          {
            "_doc": "startingodds",
            "_oid": 7675821839,
            "_moid": 11674089963,
            "_otid": 8,
            "_stid": 143,
            "_fid": 425,
            "fieldname": "under",
            "value": "5.25",
            "specialoddsvalue": "0.5",
            "teamid": 0,
            "status": "open",
            "balanced_sorting": 3
          },
          {
            "_doc": "startingodds",
            "_oid": 7675821839,
            "_moid": 11674089963,
            "_otid": 8,
            "_stid": 143,
            "_fid": 426,
            "fieldname": "over",
            "value": "1.08",
            "specialoddsvalue": "0.5",
            "teamid": 0,
            "status": "open",
            "balanced_sorting": 3
          },
          {
            "_doc": "startingodds",
            "_oid": 7675821840,
            "_moid": 11674089964,
            "_otid": 8,
            "_stid": 143,
            "_fid": 425,
            "fieldname": "under",
            "value": "2.30",
            "specialoddsvalue": "1.5",
            "teamid": 0,
            "status": "open",
            "balanced_sorting": 1
          },
          {
            "_doc": "startingodds",
            "_oid": 7675821840,
            "_moid": 11674089964,
            "_otid": 8,
            "_stid": 143,
            "_fid": 426,
            "fieldname": "over",
            "value": "1.50",
            "specialoddsvalue": "1.5",
            "teamid": 0,
            "status": "open",
            "balanced_sorting": 1
          },
          {
            "_doc": "startingodds",
            "_oid": 7675821841,
            "_moid": 11674089965,
            "_otid": 8,
            "_stid": 143,
            "_fid": 425,
            "fieldname": "under",
            "value": "1.40",
            "specialoddsvalue": "2.5",
            "teamid": 0,
            "status": "open",
            "balanced_sorting": 2
          },
          {
            "_doc": "startingodds",
            "_oid": 7675821841,
            "_moid": 11674089965,
            "_otid": 8,
            "_stid": 143,
            "_fid": 426,
            "fieldname": "over",
            "value": "2.55",
            "specialoddsvalue": "2.5",
            "teamid": 0,
            "status": "open",
            "balanced_sorting": 2
          },
          {
            "_doc": "startingodds",
            "_oid": 7675821851,
            "_moid": 11674089966,
            "_otid": 8,
            "_stid": 183,
            "_fid": 671,
            "fieldname": "1 + under",
            "value": "14.50",
            "specialoddsvalue": "1.5",
            "teamid": 0,
            "status": "open",
            "balanced_sorting": 2
          },
          {
            "_doc": "startingodds",
            "_oid": 7675821851,
            "_moid": 11674089966,
            "_otid": 8,
            "_stid": 183,
            "_fid": 673,
            "fieldname": "X + under",
            "value": "18.00",
            "specialoddsvalue": "1.5",
            "teamid": 0,
            "status": "open",
            "balanced_sorting": 2
          },
          {
            "_doc": "startingodds",
            "_oid": 7675821851,
            "_moid": 11674089966,
            "_otid": 8,
            "_stid": 183,
            "_fid": 675,
            "fieldname": "2 + under",
            "value": "7.25",
            "specialoddsvalue": "1.5",
            "teamid": 0,
            "status": "open",
            "balanced_sorting": 2
          },
          {
            "_doc": "startingodds",
            "_oid": 7675821851,
            "_moid": 11674089966,
            "_otid": 8,
            "_stid": 183,
            "_fid": 677,
            "fieldname": "1 + over",
            "value": "7.50",
            "specialoddsvalue": "1.5",
            "teamid": 0,
            "status": "open",
            "balanced_sorting": 2
          },
          {
            "_doc": "startingodds",
            "_oid": 7675821851,
            "_moid": 11674089966,
            "_otid": 8,
            "_stid": 183,
            "_fid": 679,
            "fieldname": "X + over",
            "value": "5.50",
            "specialoddsvalue": "1.5",
            "teamid": 0,
            "status": "open",
            "balanced_sorting": 2
          },
          {
            "_doc": "startingodds",
            "_oid": 7675821851,
            "_moid": 11674089966,
            "_otid": 8,
            "_stid": 183,
            "_fid": 681,
            "fieldname": "2 + over",
            "value": "1.60",
            "specialoddsvalue": "1.5",
            "teamid": 0,
            "status": "open",
            "balanced_sorting": 2
          },
          {
            "_doc": "startingodds",
            "_oid": 7675821852,
            "_moid": 11674089967,
            "_otid": 8,
            "_stid": 183,
            "_fid": 671,
            "fieldname": "1 + under",
            "value": "10.25",
            "specialoddsvalue": "2.5",
            "teamid": 0,
            "status": "open",
            "balanced_sorting": 1
          },
          {
            "_doc": "startingodds",
            "_oid": 7675821852,
            "_moid": 11674089967,
            "_otid": 8,
            "_stid": 183,
            "_fid": 673,
            "fieldname": "X + under",
            "value": "5.75",
            "specialoddsvalue": "2.5",
            "teamid": 0,
            "status": "open",
            "balanced_sorting": 1
          },
          {
            "_doc": "startingodds",
            "_oid": 7675821852,
            "_moid": 11674089967,
            "_otid": 8,
            "_stid": 183,
            "_fid": 675,
            "fieldname": "2 + under",
            "value": "3.70",
            "specialoddsvalue": "2.5",
            "teamid": 0,
            "status": "open",
            "balanced_sorting": 1
          },
          {
            "_doc": "startingodds",
            "_oid": 7675821852,
            "_moid": 11674089967,
            "_otid": 8,
            "_stid": 183,
            "_fid": 677,
            "fieldname": "1 + over",
            "value": "10.00",
            "specialoddsvalue": "2.5",
            "teamid": 0,
            "status": "open",
            "balanced_sorting": 1
          },
          {
            "_doc": "startingodds",
            "_oid": 7675821852,
            "_moid": 11674089967,
            "_otid": 8,
            "_stid": 183,
            "_fid": 679,
            "fieldname": "X + over",
            "value": "16.50",
            "specialoddsvalue": "2.5",
            "teamid": 0,
            "status": "open",
            "balanced_sorting": 1
          },
          {
            "_doc": "startingodds",
            "_oid": 7675821852,
            "_moid": 11674089967,
            "_otid": 8,
            "_stid": 183,
            "_fid": 681,
            "fieldname": "2 + over",
            "value": "2.00",
            "specialoddsvalue": "2.5",
            "teamid": 0,
            "status": "open",
            "balanced_sorting": 1
          },
          {
            "_doc": "startingodds",
            "_oid": 7675821834,
            "_moid": 11674089968,
            "_otid": 8,
            "_stid": 259,
            "_fid": 2895,
            "fieldname": "both",
            "value": "1.80",
            "specialoddsvalue": "-1",
            "teamid": 0,
            "status": "open",
            "balanced_sorting": 1
          },
          {
            "_doc": "startingodds",
            "_oid": 7675821834,
            "_moid": 11674089968,
            "_otid": 8,
            "_stid": 259,
            "_fid": 2897,
            "fieldname": "only home",
            "value": "10.25",
            "specialoddsvalue": "-1",
            "teamid": 0,
            "status": "open",
            "balanced_sorting": 1
          },
          {
            "_doc": "startingodds",
            "_oid": 7675821834,
            "_moid": 11674089968,
            "_otid": 8,
            "_stid": 259,
            "_fid": 2899,
            "fieldname": "only away",
            "value": "2.35",
            "specialoddsvalue": "-1",
            "teamid": 0,
            "status": "open",
            "balanced_sorting": 1
          },
          {
            "_doc": "startingodds",
            "_oid": 7675821834,
            "_moid": 11674089968,
            "_otid": 8,
            "_stid": 259,
            "_fid": 2901,
            "fieldname": "none",
            "value": "19.25",
            "specialoddsvalue": "-1",
            "teamid": 0,
            "status": "open",
            "balanced_sorting": 1
          },
          {
            "_doc": "startingodds",
            "_oid": 7675821850,
            "_moid": 11674089969,
            "_otid": 8,
            "_stid": 325,
            "_fid": 3117,
            "fieldname": "1X",
            "value": "1.60",
            "specialoddsvalue": "-1",
            "teamid": 0,
            "status": "open",
            "balanced_sorting": 1
          },
          {
            "_doc": "startingodds",
            "_oid": 7675821850,
            "_moid": 11674089969,
            "_otid": 8,
            "_stid": 325,
            "_fid": 3119,
            "fieldname": "12",
            "value": "1.30",
            "specialoddsvalue": "-1",
            "teamid": 0,
            "status": "open",
            "balanced_sorting": 1
          },
          {
            "_doc": "startingodds",
            "_oid": 7675821850,
            "_moid": 11674089969,
            "_otid": 8,
            "_stid": 325,
            "_fid": 3121,
            "fieldname": "X2",
            "value": "1.12",
            "specialoddsvalue": "-1",
            "teamid": 0,
            "status": "open",
            "balanced_sorting": 1
          },
          {
            "_doc": "startingodds",
            "_oid": 7675821833,
            "_moid": 11674089970,
            "_otid": 8,
            "_stid": 1034,
            "_fid": 4766,
            "fieldname": "yes",
            "value": "1.85",
            "specialoddsvalue": "-1",
            "teamid": 0,
            "status": "open",
            "balanced_sorting": 1
          },
          {
            "_doc": "startingodds",
            "_oid": 7675821833,
            "_moid": 11674089970,
            "_otid": 8,
            "_stid": 1034,
            "_fid": 4768,
            "fieldname": "no",
            "value": "1.85",
            "specialoddsvalue": "-1",
            "teamid": 0,
            "status": "open",
            "balanced_sorting": 1
          },
          {
            "_doc": "startingodds",
            "_oid": 7675821831,
            "_moid": 11674089971,
            "_otid": 8,
            "_stid": 1422,
            "_fid": 6254,
            "fieldname": "11",
            "value": "8.25",
            "specialoddsvalue": "-1",
            "teamid": 0,
            "status": "open",
            "balanced_sorting": 1
          },
          {
            "_doc": "startingodds",
            "_oid": 7675821831,
            "_moid": 11674089971,
            "_otid": 8,
            "_stid": 1422,
            "_fid": 6256,
            "fieldname": "1X",
            "value": "21.00",
            "specialoddsvalue": "-1",
            "teamid": 0,
            "status": "open",
            "balanced_sorting": 1
          },
          {
            "_doc": "startingodds",
            "_oid": 7675821831,
            "_moid": 11674089971,
            "_otid": 8,
            "_stid": 1422,
            "_fid": 6258,
            "fieldname": "12",
            "value": "21.00",
            "specialoddsvalue": "-1",
            "teamid": 0,
            "status": "open",
            "balanced_sorting": 1
          },
          {
            "_doc": "startingodds",
            "_oid": 7675821831,
            "_moid": 11674089971,
            "_otid": 8,
            "_stid": 1422,
            "_fid": 6260,
            "fieldname": "X1",
            "value": "16.50",
            "specialoddsvalue": "-1",
            "teamid": 0,
            "status": "open",
            "balanced_sorting": 1
          },
          {
            "_doc": "startingodds",
            "_oid": 7675821831,
            "_moid": 11674089971,
            "_otid": 8,
            "_stid": 1422,
            "_fid": 6262,
            "fieldname": "XX",
            "value": "6.75",
            "specialoddsvalue": "-1",
            "teamid": 0,
            "status": "open",
            "balanced_sorting": 1
          },
          {
            "_doc": "startingodds",
            "_oid": 7675821831,
            "_moid": 11674089971,
            "_otid": 8,
            "_stid": 1422,
            "_fid": 6264,
            "fieldname": "X2",
            "value": "5.00",
            "specialoddsvalue": "-1",
            "teamid": 0,
            "status": "open",
            "balanced_sorting": 1
          },
          {
            "_doc": "startingodds",
            "_oid": 7675821831,
            "_moid": 11674089971,
            "_otid": 8,
            "_stid": 1422,
            "_fid": 6266,
            "fieldname": "21",
            "value": "62.00",
            "specialoddsvalue": "-1",
            "teamid": 0,
            "status": "open",
            "balanced_sorting": 1
          },
          {
            "_doc": "startingodds",
            "_oid": 7675821831,
            "_moid": 11674089971,
            "_otid": 8,
            "_stid": 1422,
            "_fid": 6268,
            "fieldname": "2X",
            "value": "26.00",
            "specialoddsvalue": "-1",
            "teamid": 0,
            "status": "open",
            "balanced_sorting": 1
          },
          {
            "_doc": "startingodds",
            "_oid": 7675821831,
            "_moid": 11674089971,
            "_otid": 8,
            "_stid": 1422,
            "_fid": 6270,
            "fieldname": "22",
            "value": "1.90",
            "specialoddsvalue": "-1",
            "teamid": 0,
            "status": "open",
            "balanced_sorting": 1
          },
          {
            "_doc": "startingodds",
            "_oid": 7675821848,
            "_moid": 11674089972,
            "_otid": 8,
            "_stid": 1541,
            "_fid": 7241,
            "fieldname": "0",
            "value": "2.20",
            "specialoddsvalue": "-1",
            "teamid": 0,
            "status": "open",
            "balanced_sorting": 1
          },
          {
            "_doc": "startingodds",
            "_oid": 7675821848,
            "_moid": 11674089972,
            "_otid": 8,
            "_stid": 1541,
            "_fid": 7243,
            "fieldname": "1",
            "value": "2.40",
            "specialoddsvalue": "-1",
            "teamid": 0,
            "status": "open",
            "balanced_sorting": 1
          },
          {
            "_doc": "startingodds",
            "_oid": 7675821848,
            "_moid": 11674089972,
            "_otid": 8,
            "_stid": 1541,
            "_fid": 7245,
            "fieldname": "2",
            "value": "5.75",
            "specialoddsvalue": "-1",
            "teamid": 0,
            "status": "open",
            "balanced_sorting": 1
          },
          {
            "_doc": "startingodds",
            "_oid": 7675821848,
            "_moid": 11674089972,
            "_otid": 8,
            "_stid": 1541,
            "_fid": 7247,
            "fieldname": "3",
            "value": "19.00",
            "specialoddsvalue": "-1",
            "teamid": 0,
            "status": "open",
            "balanced_sorting": 1
          },
          {
            "_doc": "startingodds",
            "_oid": 7675821848,
            "_moid": 11674089972,
            "_otid": 8,
            "_stid": 1541,
            "_fid": 7249,
            "fieldname": "4+",
            "value": "100.00",
            "specialoddsvalue": "-1",
            "teamid": 0,
            "status": "open",
            "balanced_sorting": 1
          },
          {
            "_doc": "startingodds",
            "_oid": 7675821849,
            "_moid": 11674089973,
            "_otid": 8,
            "_stid": 1543,
            "_fid": 7251,
            "fieldname": "0",
            "value": "7.25",
            "specialoddsvalue": "-1",
            "teamid": 0,
            "status": "open",
            "balanced_sorting": 1
          },
          {
            "_doc": "startingodds",
            "_oid": 7675821849,
            "_moid": 11674089973,
            "_otid": 8,
            "_stid": 1543,
            "_fid": 7253,
            "fieldname": "1",
            "value": "3.50",
            "specialoddsvalue": "-1",
            "teamid": 0,
            "status": "open",
            "balanced_sorting": 1
          },
          {
            "_doc": "startingodds",
            "_oid": 7675821849,
            "_moid": 11674089973,
            "_otid": 8,
            "_stid": 1543,
            "_fid": 7255,
            "fieldname": "2",
            "value": "3.15",
            "specialoddsvalue": "-1",
            "teamid": 0,
            "status": "open",
            "balanced_sorting": 1
          },
          {
            "_doc": "startingodds",
            "_oid": 7675821849,
            "_moid": 11674089973,
            "_otid": 8,
            "_stid": 1543,
            "_fid": 7257,
            "fieldname": "3",
            "value": "4.55",
            "specialoddsvalue": "-1",
            "teamid": 0,
            "status": "open",
            "balanced_sorting": 1
          },
          {
            "_doc": "startingodds",
            "_oid": 7675821849,
            "_moid": 11674089973,
            "_otid": 8,
            "_stid": 1543,
            "_fid": 7259,
            "fieldname": "4+",
            "value": "6.50",
            "specialoddsvalue": "-1",
            "teamid": 0,
            "status": "open",
            "balanced_sorting": 1
          }
        ]
      }
    }
  ]
}