{
  "timings": [
    {
      "phase_name": "pre_match",
      "phase_start_datetime": 1761558167,
      "phase_end_datetime": 1761558407,
      "match_start_datetime": 1761558417,
      "next_match_betstop": 1761558847,
      "matches": [
        {
          "id": 1390710646,
          "matchset_nr": 13,
          "matchset_chunk_nr": 13,
          "chunk_id": 13,
          "betstop_datetime": 1761558407,
          "next_match_betstop": 1761558847,
          "match_start_datetime": 1761558417,
          "match_end_datetime": 1761558547,
          "chunk_start_datetime": 1761558167,
          "chunk_end_datetime": 1761558607,
          "competitionstage_id": 38382,
          "competitionstage_nr": 1,
          "competitionstage_type": "league",
          "competition_id": 3015403,
          "continuous_counter": 21662,
          "authority_calendar_day": null,
          "authority_code": null,
          "approval_code": null,
          "home_team_id": 8982016,
          "away_team_id": 8982010
        },
        {
          "id": 1390710654,
          "matchset_nr": 14,
          "matchset_chunk_nr": 14,
          "chunk_id": 14,
          "betstop_datetime": 1761558847,
          "next_match_betstop": 1761558847,
          "match_start_datetime": 1761558857,
          "match_end_datetime": 1761558987,
          "chunk_start_datetime": 1761558607,
          "chunk_end_datetime": 1761559047,
          "competitionstage_id": 38382,
          "competitionstage_nr": 1,
          "competitionstage_type": "league",
          "competition_id": 3015403,
          "continuous_counter": 21662,
          "authority_calendar_day": null,
          "authority_code": null,
          "approval_code": null,
          "home_team_id": 8982011,
          "away_team_id": 8982005
        },
        {
          "id": 1390710662,
          "matchset_nr": 15,
          "matchset_chunk_nr": 15,
          "chunk_id": 15,
          "betstop_datetime": 1761559287,
          "next_match_betstop": 1761558847,
          "match_start_datetime": 1761559297,
          "match_end_datetime": 1761559427,
          "chunk_start_datetime": 1761559047,
          "chunk_end_datetime": 1761559487,
          "competitionstage_id": 38382,
          "competitionstage_nr": 1,
          "competitionstage_type": "league",
          "competition_id": 3015403,
          "continuous_counter": 21662,
          "authority_calendar_day": null,
          "authority_code": null,
          "approval_code": null,
          "home_team_id": 8982012,
          "away_team_id": 8982014
        }
      ]
    },
    {
      "phase_name": "pre_match",
      "phase_start_datetime": 1761558167,
      "phase_end_datetime": 1761558407,
      "match_start_datetime": 1761558417,
      "next_match_betstop": 1761558847,
      "matches": [
        {
          "id": 1390710647,
          "matchset_nr": 13,
          "matchset_chunk_nr": 13,
          "chunk_id": 13,
          "betstop_datetime": 1761558407,
          "next_match_betstop": 1761558847,
          "match_start_datetime": 1761558417,
          "match_end_datetime": 1761558547,
          "chunk_start_datetime": 1761558167,
          "chunk_end_datetime": 1761558607,
          "competitionstage_id": 38382,
          "competitionstage_nr": 1,
          "competitionstage_type": "league",
          "competition_id": 3015403,
          "continuous_counter": 21662,
          "authority_calendar_day": null,
          "authority_code": null,
          "approval_code": null,
          "home_team_id": 8982001,
          "away_team_id": 8982014
        },
        {
          "id": 1390710655,
          "matchset_nr": 14,
          "matchset_chunk_nr": 14,
          "chunk_id": 14,
          "betstop_datetime": 1761558847,
          "next_match_betstop": 1761558847,
          "match_start_datetime": 1761558857,
          "match_end_datetime": 1761558987,
          "chunk_start_datetime": 1761558607,
          "chunk_end_datetime": 1761559047,
          "competitionstage_id": 38382,
          "competitionstage_nr": 1,
          "competitionstage_type": "league",
          "competition_id": 3015403,
          "continuous_counter": 21662,
          "authority_calendar_day": null,
          "authority_code": null,
          "approval_code": null,
          "home_team_id": 8982014,
          "away_team_id": 8982009
        },
        {
          "id": 1390710663,
          "matchset_nr": 15,
          "matchset_chunk_nr": 15,
          "chunk_id": 15,
          "betstop_datetime": 1761559287,
          "next_match_betstop": 1761558847,
          "match_start_datetime": 1761559297,
          "match_end_datetime": 1761559427,
          "chunk_start_datetime": 1761559047,
          "chunk_end_datetime": 1761559487,
          "competitionstage_id": 38382,
          "competitionstage_nr": 1,
          "competitionstage_type": "league",
          "competition_id": 3015403,
          "continuous_counter": 21662,
          "authority_calendar_day": null,
          "authority_code": null,
          "approval_code": null,
          "home_team_id": 8982015,
          "away_team_id": 8982006
        }
      ]
    },
    {
      "phase_name": "pre_match",
      "phase_start_datetime": 1761558167,
      "phase_end_datetime": 1761558407,
      "match_start_datetime": 1761558417,
      "next_match_betstop": 1761558847,
      "matches": [
        {
          "id": 1390710648,
          "matchset_nr": 13,
          "matchset_chunk_nr": 13,
          "chunk_id": 13,
          "betstop_datetime": 1761558407,
          "next_match_betstop": 1761558847,
          "match_start_datetime": 1761558417,
          "match_end_datetime": 1761558547,
          "chunk_start_datetime": 1761558167,
          "chunk_end_datetime": 1761558607,
          "competitionstage_id": 38382,
          "competitionstage_nr": 1,
          "competitionstage_type": "league",
          "competition_id": 3015403,
          "continuous_counter": 21662,
          "authority_calendar_day": null,
          "authority_code": null,
          "approval_code": null,
          "home_team_id": 8982013,
          "away_team_id": 8982011
        },
        {
          "id": 1390710656,
          "matchset_nr": 14,
          "matchset_chunk_nr": 14,
          "chunk_id": 14,
          "betstop_datetime": 1761558847,
          "next_match_betstop": 1761558847,
          "match_start_datetime": 1761558857,
          "match_end_datetime": 1761558987,
          "chunk_start_datetime": 1761558607,
          "chunk_end_datetime": 1761559047,
          "competitionstage_id": 38382,
          "competitionstage_nr": 1,
          "competitionstage_type": "league",
          "competition_id": 3015403,
          "continuous_counter": 21662,
          "authority_calendar_day": null,
          "authority_code": null,
          "approval_code": null,
          "home_team_id": 8982010,
          "away_team_id": 8982015
        },
        {
          "id": 1390710664,
          "matchset_nr": 15,
          "matchset_chunk_nr": 15,
          "chunk_id": 15,
          "betstop_datetime": 1761559287,
          "next_match_betstop": 1761558847,
          "match_start_datetime": 1761559297,
          "match_end_datetime": 1761559427,
          "chunk_start_datetime": 1761559047,
          "chunk_end_datetime": 1761559487,
          "competitionstage_id": 38382,
          "competitionstage_nr": 1,
          "competitionstage_type": "league",
          "competition_id": 3015403,
          "continuous_counter": 21662,
          "authority_calendar_day": null,
          "authority_code": null,
          "approval_code": null,
          "home_team_id": 8982009,
          "away_team_id": 8982003
        }
      ]
    },
    {
      "phase_name": "pre_match",
      "phase_start_datetime": 1761558167,
      "phase_end_datetime": 1761558407,
      "match_start_datetime": 1761558417,
      "next_match_betstop": 1761558847,
      "matches": [
        {
          "id": 1390710649,
          "matchset_nr": 13,
          "matchset_chunk_nr": 13,
          "chunk_id": 13,
          "betstop_datetime": 1761558407,
          "next_match_betstop": 1761558847,
          "match_start_datetime": 1761558417,
          "match_end_datetime": 1761558547,
          "chunk_start_datetime": 1761558167,
          "chunk_end_datetime": 1761558607,
          "competitionstage_id": 38382,
          "competitionstage_nr": 1,
          "competitionstage_type": "league",
          "competition_id": 3015403,
          "continuous_counter": 21662,
          "authority_calendar_day": null,
          "authority_code": null,
          "approval_code": null,
          "home_team_id": 8982012,
          "away_team_id": 8982008
        },
        {
          "id": 1390710657,
          "matchset_nr": 14,
          "matchset_chunk_nr": 14,
          "chunk_id": 14,
          "betstop_datetime": 1761558847,
          "next_match_betstop": 1761558847,
          "match_start_datetime": 1761558857,
          "match_end_datetime": 1761558987,
          "chunk_start_datetime": 1761558607,
          "chunk_end_datetime": 1761559047,
          "competitionstage_id": 38382,
          "competitionstage_nr": 1,
          "competitionstage_type": "league",
          "competition_id": 3015403,
          "continuous_counter": 21662,
          "authority_calendar_day": null,
          "authority_code": null,
          "approval_code": null,
          "home_team_id": 8982008,
          "away_team_id": 8982002
        },
        {
          "id": 1390710665,
          "matchset_nr": 15,
          "matchset_chunk_nr": 15,
          "chunk_id": 15,
          "betstop_datetime": 1761559287,
          "next_match_betstop": 1761558847,
          "match_start_datetime": 1761559297,
          "match_end_datetime": 1761559427,
          "chunk_start_datetime": 1761559047,
          "chunk_end_datetime": 1761559487,
          "competitionstage_id": 38382,
          "competitionstage_nr": 1,
          "competitionstage_type": "league",
          "competition_id": 3015403,
          "continuous_counter": 21662,
          "authority_calendar_day": null,
          "authority_code": null,
          "approval_code": null,
          "home_team_id": 8982005,
          "away_team_id": 8982004
        }
      ]
    },
    {
      "phase_name": "pre_match",
      "phase_start_datetime": 1761558167,
      "phase_end_datetime": 1761558407,
      "match_start_datetime": 1761558417,
      "next_match_betstop": 1761558847,
      "matches": [
        {
          "id": 1390710650,
          "matchset_nr": 13,
          "matchset_chunk_nr": 13,
          "chunk_id": 13,
          "betstop_datetime": 1761558407,
          "next_match_betstop": 1761558847,
          "match_start_datetime": 1761558417,
          "match_end_datetime": 1761558547,
          "chunk_start_datetime": 1761558167,
          "chunk_end_datetime": 1761558607,
          "competitionstage_id": 38382,
          "competitionstage_nr": 1,
          "competitionstage_type": "league",
          "competition_id": 3015403,
          "continuous_counter": 21662,
          "authority_calendar_day": null,
          "authority_code": null,
          "approval_code": null,
          "home_team_id": 8982002,
          "away_team_id": 8982006
        },
        {
          "id": 1390710658,
          "matchset_nr": 14,
          "matchset_chunk_nr": 14,
          "chunk_id": 14,
          "betstop_datetime": 1761558847,
          "next_match_betstop": 1761558847,
          "match_start_datetime": 1761558857,
          "match_end_datetime": 1761558987,
          "chunk_start_datetime": 1761558607,
          "chunk_end_datetime": 1761559047,
          "competitionstage_id": 38382,
          "competitionstage_nr": 1,
          "competitionstage_type": "league",
          "competition_id": 3015403,
          "continuous_counter": 21662,
          "authority_calendar_day": null,
          "authority_code": null,
          "approval_code": null,
          "home_team_id": 8982007,
          "away_team_id": 8982012
        },
        {
          "id": 1390710666,
          "matchset_nr": 15,
          "matchset_chunk_nr": 15,
          "chunk_id": 15,
          "betstop_datetime": 1761559287,
          "next_match_betstop": 1761558847,
          "match_start_datetime": 1761559297,
          "match_end_datetime": 1761559427,
          "chunk_start_datetime": 1761559047,
          "chunk_end_datetime": 1761559487,
          "competitionstage_id": 38382,
          "competitionstage_nr": 1,
          "competitionstage_type": "league",
          "competition_id": 3015403,
          "continuous_counter": 21662,
          "authority_calendar_day": null,
          "authority_code": null,
          "approval_code": null,
          "home_team_id": 8982013,
          "away_team_id": 8982010
        }
      ]
    },
    {
      "phase_name": "pre_match",
      "phase_start_datetime": 1761558167,
      "phase_end_datetime": 1761558407,
      "match_start_datetime": 1761558417,
      "next_match_betstop": 1761558847,
      "matches": [
        {
          "id": 1390710651,
          "matchset_nr": 13,
          "matchset_chunk_nr": 13,
          "chunk_id": 13,
          "betstop_datetime": 1761558407,
          "next_match_betstop": 1761558847,
          "match_start_datetime": 1761558417,
          "match_end_datetime": 1761558547,
          "chunk_start_datetime": 1761558167,
          "chunk_end_datetime": 1761558607,
          "competitionstage_id": 38382,
          "competitionstage_nr": 1,
          "competitionstage_type": "league",
          "competition_id": 3015403,
          "continuous_counter": 21662,
          "authority_calendar_day": null,
          "authority_code": null,
          "approval_code": null,
          "home_team_id": 8982005,
          "away_team_id": 8982003
        },
        {
          "id": 1390710659,
          "matchset_nr": 14,
          "matchset_chunk_nr": 14,
          "chunk_id": 14,
          "betstop_datetime": 1761558847,
          "next_match_betstop": 1761558847,
          "match_start_datetime": 1761558857,
          "match_end_datetime": 1761558987,
          "chunk_start_datetime": 1761558607,
          "chunk_end_datetime": 1761559047,
          "competitionstage_id": 38382,
          "competitionstage_nr": 1,
          "competitionstage_type": "league",
          "competition_id": 3015403,
          "continuous_counter": 21662,
          "authority_calendar_day": null,
          "authority_code": null,
          "approval_code": null,
          "home_team_id": 8982003,
          "away_team_id": 8982001
        },
        {
          "id": 1390710667,
          "matchset_nr": 15,
          "matchset_chunk_nr": 15,
          "chunk_id": 15,
          "betstop_datetime": 1761559287,
          "next_match_betstop": 1761558847,
          "match_start_datetime": 1761559297,
          "match_end_datetime": 1761559427,
          "chunk_start_datetime": 1761559047,
          "chunk_end_datetime": 1761559487,
          "competitionstage_id": 38382,
          "competitionstage_nr": 1,
          "competitionstage_type": "league",
          "competition_id": 3015403,
          "continuous_counter": 21662,
          "authority_calendar_day": null,
          "authority_code": null,
          "approval_code": null,
          "home_team_id": 8982016,
          "away_team_id": 8982002
        }
      ]
    },
    {
      "phase_name": "pre_match",
      "phase_start_datetime": 1761558167,
      "phase_end_datetime": 1761558407,
      "match_start_datetime": 1761558417,
      "next_match_betstop": 1761558847,
      "matches": [
        {
          "id": 1390710652,
          "matchset_nr": 13,
          "matchset_chunk_nr": 13,
          "chunk_id": 13,
          "betstop_datetime": 1761558407,
          "next_match_betstop": 1761558847,
          "match_start_datetime": 1761558417,
          "match_end_datetime": 1761558547,
          "chunk_start_datetime": 1761558167,
          "chunk_end_datetime": 1761558607,
          "competitionstage_id": 38382,
          "competitionstage_nr": 1,
          "competitionstage_type": "league",
          "competition_id": 3015403,
          "continuous_counter": 21662,
          "authority_calendar_day": null,
          "authority_code": null,
          "approval_code": null,
          "home_team_id": 8982009,
          "away_team_id": 8982007
        },
        {
          "id": 1390710660,
          "matchset_nr": 14,
          "matchset_chunk_nr": 14,
          "chunk_id": 14,
          "betstop_datetime": 1761558847,
          "next_match_betstop": 1761558847,
          "match_start_datetime": 1761558857,
          "match_end_datetime": 1761558987,
          "chunk_start_datetime": 1761558607,
          "chunk_end_datetime": 1761559047,
          "competitionstage_id": 38382,
          "competitionstage_nr": 1,
          "competitionstage_type": "league",
          "competition_id": 3015403,
          "continuous_counter": 21662,
          "authority_calendar_day": null,
          "authority_code": null,
          "approval_code": null,
          "home_team_id": 8982006,
          "away_team_id": 8982016
        },
        {
          "id": 1390710668,
          "matchset_nr": 15,
          "matchset_chunk_nr": 15,
          "chunk_id": 15,
          "betstop_datetime": 1761559287,
          "next_match_betstop": 1761558847,
          "match_start_datetime": 1761559297,
          "match_end_datetime": 1761559427,
          "chunk_start_datetime": 1761559047,
          "chunk_end_datetime": 1761559487,
          "competitionstage_id": 38382,
          "competitionstage_nr": 1,
          "competitionstage_type": "league",
          "competition_id": 3015403,
          "continuous_counter": 21662,
          "authority_calendar_day": null,
          "authority_code": null,
          "approval_code": null,
          "home_team_id": 8982007,
          "away_team_id": 8982008
        }
      ]
    },
    {
      "phase_name": "pre_match",
      "phase_start_datetime": 1761558167,
      "phase_end_datetime": 1761558407,
      "match_start_datetime": 1761558417,
      "next_match_betstop": 1761558847,
      "matches": [
        {
          "id": 1390710653,
          "matchset_nr": 13,
          "matchset_chunk_nr": 13,
          "chunk_id": 13,
          "betstop_datetime": 1761558407,
          "next_match_betstop": 1761558847,
          "match_start_datetime": 1761558417,
          "match_end_datetime": 1761558547,
          "chunk_start_datetime": 1761558167,
          "chunk_end_datetime": 1761558607,
          "competitionstage_id": 38382,
          "competitionstage_nr": 1,
          "competitionstage_type": "league",
          "competition_id": 3015403,
          "continuous_counter": 21662,
          "authority_calendar_day": null,
          "authority_code": null,
          "approval_code": null,
          "home_team_id": 8982015,
          "away_team_id": 8982004
        },
        {
          "id": 1390710661,
          "matchset_nr": 14,
          "matchset_chunk_nr": 14,
          "chunk_id": 14,
          "betstop_datetime": 1761558847,
          "next_match_betstop": 1761558847,
          "match_start_datetime": 1761558857,
          "match_end_datetime": 1761558987,
          "chunk_start_datetime": 1761558607,
          "chunk_end_datetime": 1761559047,
          "competitionstage_id": 38382,
          "competitionstage_nr": 1,
          "competitionstage_type": "league",
          "competition_id": 3015403,
          "continuous_counter": 21662,
          "authority_calendar_day": null,
          "authority_code": null,
          "approval_code": null,
          "home_team_id": 8982004,
          "away_team_id": 8982013
        },
        {
          "id": 1390710669,
          "matchset_nr": 15,
          "matchset_chunk_nr": 15,
          "chunk_id": 15,
          "betstop_datetime": 1761559287,
          "next_match_betstop": 1761558847,
          "match_start_datetime": 1761559297,
          "match_end_datetime": 1761559427,
          "chunk_start_datetime": 1761559047,
          "chunk_end_datetime": 1761559487,
          "competitionstage_id": 38382,
          "competitionstage_nr": 1,
          "competitionstage_type": "league",
          "competition_id": 3015403,
          "continuous_counter": 21662,
          "authority_calendar_day": null,
          "authority_code": null,
          "approval_code": null,
          "home_team_id": 8982001,
          "away_team_id": 8982011
        }
      ]
    }
  ],
  "server_datetime": 1761558182
}