{
  "queryUrl": "match_timeline/1390738374",
  "doc": [
    {
      "event": "match_timeline",
      "_dob": 1761605479,
      "_maxage": 60,
      "data": {
        "match": {
          "_doc": "match",
          "_id": 1390738374,
          "_sid": 1,
          "_seasonid": 3015575,
          "_rcid": 1111,
          "_tid": 56369,
          "_utid": 14562,
          "_dt": {
            "_doc": "time",
            "time": "22:36",
            "date": "27/10/25",
            "tz": "CET",
            "tzoffset": 3600,
            "uts": 1761601017
          },
          "round": 19,
          "roundname": {
            "_doc": "tableround",
            "_id": 19,
            "name": 19
          },
          "coverage": {
            "lineup": 0,
            "formations": 0,
            "livetable": 0,
            "injuries": 0,
            "ballspotting": false,
            "cornersonly": false,
            "multicast": false,
            "scoutmatch": 0,
            "scoutcoveragestatus": 0,
            "liveodds": true,
            "deepercoverage": false,
            "tacticallineup": false,
            "basiclineup": true,
            "hasstats": true,
            "inlivescore": true,
            "advantage": null,
            "tiebreak": null,
            "penaltyshootout": 0,
            "scouttest": null,
            "lmtsupport": 3,
            "venue": false,
            "matchdatacomplete": false,
            "mediacoverage": true,
            "substitutions": false
          },
          "result": {
            "home": 1,
            "away": 1,
            "winner": null
          },
          "periods": {
            "p1": {
              "home": 1,
              "away": 0
            },
            "ft": {
              "home": 1,
              "away": 1
            }
          },
          "updated_uts": 1761601142,
          "ended_uts": false,
          "p": "0",
          "ptime": 1761601142,
          "timeinfo": {
            "injurytime": null,
            "ended": null,
            "started": null,
            "played": null,
            "remaining": null,
            "running": false
          },
          "teams": {
            "home": {
              "_doc": "team",
              "_id": 8982014,
              "_sid": 1,
              "uid": 276514,
              "name": "Wolverhampton",
              "mediumname": "Wolverhampton",
              "abbr": "WOL",
              "nickname": null,
              "iscountry": false,
              "haslogo": true
            },
            "away": {
              "_doc": "team",
              "_id": 8982013,
              "_sid": 1,
              "uid": 276513,
              "name": "London Ágyúk",
              "mediumname": "London Ágyúk",
              "abbr": "LON",
              "nickname": null,
              "iscountry": false,
              "haslogo": true
            }
          },
          "status": {
            "_doc": "status",
            "_id": 100,
            "name": "完场"
          },
          "removed": false,
          "facts": false,
          "localderby": false,
          "matchstatus": "result",
          "postponed": false,
          "cancelled": false,
          "walkover": false,
          "hf": 0,
          "periodlength": 45,
          "numberofperiods": 2,
          "overtimelength": 15,
          "tobeannounced": false,
          "cards": {
            "home": {
              "yellow_count": 2,
              "red_count": 0
            },
            "away": {
              "yellow_count": 0,
              "red_count": 0
            }
          },
          "week": 0
        },
        "events": [
          {
            "_doc": "event",
            "_id": 9512143759,
            "_scoutid": null,
            "_sid": 1,
            "_rcid": 1111,
            "_tid": 56369,
            "_dc": false,
            "_typeid": "1024",
            "uts": 1761601007,
            "updated_uts": 1761601007,
            "type": "match_about_to_start",
            "matchid": 1390738374,
            "disabled": 0,
            "time": 1,
            "seconds": -1,
            "name": "比赛即将开始",
            "injurytime": 0,
            "team": ""
          },
          {
            "_doc": "event",
            "_id": 9512143845,
            "_scoutid": null,
            "_sid": 1,
            "_rcid": 1111,
            "_tid": 56369,
            "_dc": false,
            "_typeid": "10",
            "uts": 1761601017,
            "updated_uts": 1761601017,
            "type": "match_started",
            "matchid": 1390738374,
            "disabled": 0,
            "time": 1,
            "seconds": -1,
            "name": "已开始",
            "injurytime": 0,
            "team": "",
            "status": {
              "_doc": "status",
              "_id": 20,
              "name": "已开始"
            },
            "result": {
              "home": 0,
              "away": 0
            }
          },
          {
            "_doc": "event",
            "_id": 9512145058,
            "_scoutid": null,
            "_sid": 1,
            "_rcid": 1111,
            "_tid": 56369,
            "_dc": false,
            "_typeid": "30",
            "uts": 1761601086,
            "updated_uts": 1761601086,
            "type": "goal",
            "matchid": 1390738374,
            "disabled": 0,
            "time": 41,
            "seconds": -1,
            "name": "进球",
            "injurytime": 0,
            "team": "home",
            "positionid": null,
            "goaltypeid": null,
            "result": {
              "home": 1,
              "away": 0
            },
            "scorer": {
              "_doc": "player",
              "_id": 1014465,
              "name": "Andri, Trindade",
              "birthdate": {
                "_doc": "time",
                "time": "00:00",
                "date": "02/07/87",
                "tz": "UTC",
                "tzoffset": 0,
                "uts": 552182400
              },
              "nationality": {
                "_doc": "countrycode",
                "_id": 30,
                "a2": "br",
                "name": "巴西",
                "a3": "BRA",
                "ioc": "BRA",
                "continentid": 3,
                "continent": "South-America",
                "population": 192900000
              },
              "position": {
                "_id": 6,
                "_type": "M",
                "name": "中场",
                "shortname": "中场",
                "abbr": "M"
              },
              "primarypositiontype": null,
              "haslogo": false
            },
            "header": false,
            "owngoal": false,
            "penalty": false
          },
          {
            "_doc": "event",
            "_id": 9512145062,
            "_scoutid": null,
            "_sid": 1,
            "_rcid": 1111,
            "_tid": 56369,
            "_dc": false,
            "_typeid": "35",
            "uts": 1761601086,
            "updated_uts": 1761601086,
            "type": "periodscore",
            "matchid": 1390738374,
            "disabled": 0,
            "time": 1,
            "seconds": -1,
            "name": "上半场",
            "injurytime": null,
            "team": "",
            "periodscore": {
              "home": 1,
              "away": 0
            },
            "result": {
              "home": 1,
              "away": 1,
              "winner": null
            },
            "matchStatus": {
              "_doc": "status",
              "_id": 100,
              "name": "完场"
            },
            "periodnumber": 1,
            "period": 1,
            "pointtype": "",
            "pointflag": null,
            "pointflagtranslation": ""
          },
          {
            "_doc": "event",
            "_id": 9512145438,
            "_scoutid": null,
            "_sid": 1,
            "_rcid": 1111,
            "_tid": 56369,
            "_dc": false,
            "_typeid": "40",
            "uts": 1761601115,
            "updated_uts": 1761601115,
            "type": "card",
            "matchid": 1390738374,
            "disabled": 0,
            "time": 69,
            "seconds": -1,
            "name": "黄牌",
            "injurytime": 0,
            "team": "home",
            "card": "yellow",
            "player": {
              "_doc": "player",
              "_id": 1014451,
              "name": "Doherry, Matt",
              "birthdate": {
                "_doc": "time",
                "time": "00:00",
                "date": "29/03/89",
                "tz": "UTC",
                "tzoffset": 0,
                "uts": 607132800
              },
              "nationality": {
                "_doc": "countrycode",
                "_id": 103,
                "a2": "ie",
                "name": "爱尔兰",
                "a3": "IRE",
                "ioc": "IRL",
                "continentid": 1,
                "continent": "Europe",
                "population": 4581269
              },
              "position": {
                "_id": 4,
                "_type": "D",
                "name": "后卫",
                "shortname": "后卫",
                "abbr": "D"
              },
              "primarypositiontype": null,
              "haslogo": false
            }
          },
          {
            "_doc": "event",
            "_id": 9512145906,
            "_scoutid": null,
            "_sid": 1,
            "_rcid": 1111,
            "_tid": 56369,
            "_dc": false,
            "_typeid": "40",
            "uts": 1761601127,
            "updated_uts": 1761601127,
            "type": "card",
            "matchid": 1390738374,
            "disabled": 0,
            "time": 84,
            "seconds": -1,
            "name": "黄牌",
            "injurytime": 0,
            "team": "home",
            "card": "yellow",
            "player": {
              "_doc": "player",
              "_id": 1014467,
              "name": "Hee Chen, Wang",
              "birthdate": {
                "_doc": "time",
                "time": "00:00",
                "date": "09/11/89",
                "tz": "UTC",
                "tzoffset": 0,
                "uts": 626572800
              },
              "nationality": {
                "_doc": "countrycode",
                "_id": 113,
                "a2": "kr",
                "name": "韩国",
                "a3": "KOR",
                "ioc": "KOR",
                "continentid": 5,
                "continent": "Asia",
                "population": 49700000
              },
              "position": {
                "_id": 8,
                "_type": "F",
                "name": "前锋",
                "shortname": "前锋",
                "abbr": "F"
              },
              "primarypositiontype": null,
              "haslogo": false
            }
          },
          {
            "_doc": "event",
            "_id": 9512146153,
            "_scoutid": null,
            "_sid": 1,
            "_rcid": 1111,
            "_tid": 56369,
            "_dc": false,
            "_typeid": "30",
            "uts": 1761601142,
            "updated_uts": 1761601142,
            "type": "goal",
            "matchid": 1390738374,
            "disabled": 0,
            "time": 87,
            "seconds": -1,
            "name": "进球",
            "injurytime": 0,
            "team": "away",
            "positionid": null,
            "goaltypeid": null,
            "result": {
              "home": 1,
              "away": 1
            },
            "scorer": {
              "_doc": "player",
              "_id": 1014447,
              "name": "Jokeres, Viktor",
              "birthdate": {
                "_doc": "time",
                "time": "00:00",
                "date": "17/03/88",
                "tz": "UTC",
                "tzoffset": 0,
                "uts": 574560000
              },
              "nationality": {
                "_doc": "countrycode",
                "_id": 205,
                "a2": "se",
                "name": "瑞典",
                "a3": "SWE",
                "ioc": "SWE",
                "continentid": 1,
                "continent": "Europe",
                "population": 9415295
              },
              "position": {
                "_id": 8,
                "_type": "F",
                "name": "前锋",
                "shortname": "前锋",
                "abbr": "F"
              },
              "primarypositiontype": null,
              "haslogo": false
            },
            "header": false,
            "owngoal": false,
            "penalty": false
          },
          {
            "_doc": "event",
            "_id": 9512146154,
            "_scoutid": null,
            "_sid": 1,
            "_rcid": 1111,
            "_tid": 56369,
            "_dc": false,
            "_typeid": "32",
            "uts": 1761601142,
            "updated_uts": 1761601142,
            "type": "periodscore",
            "matchid": 1390738374,
            "disabled": 0,
            "time": 1,
            "seconds": -1,
            "name": "全场",
            "injurytime": null,
            "team": "",
            "periodscore": {
              "home": 1,
              "away": 1
            },
            "result": {
              "home": 1,
              "away": 1,
              "winner": null
            },
            "matchStatus": {
              "_doc": "status",
              "_id": 100,
              "name": "完场"
            },
            "periodnumber": null,
            "pointtype": "",
            "pointflag": null,
            "pointflagtranslation": ""
          },
          {
            "_doc": "event",
            "_id": 9512146155,
            "_scoutid": null,
            "_sid": 1,
            "_rcid": 1111,
            "_tid": 56369,
            "_dc": false,
            "_typeid": "20",
            "uts": 1761601142,
            "updated_uts": 1761601142,
            "type": "match_ended",
            "matchid": 1390738374,
            "disabled": 0,
            "time": 1,
            "seconds": -1,
            "name": "比赛结束",
            "injurytime": 0,
            "team": "",
            "status": {
              "_doc": "status",
              "_id": 100,
              "name": "完场"
            },
            "result": {
              "home": 1,
              "away": 1,
              "winner": null
            }
          }
        ]
      }
    }
  ]
}