{
  "url": "https://vgls.live.vsports.cloud/vfl/feeds/?/scigamingscigamingcdn/zh/Europe:Berlin/gismo/match_timeline/1390728672",
  "data": {
    "queryUrl": "match_timeline/1390728672",
    "doc": [
      {
        "event": "match_timeline",
        "_dob": 1761589425,
        "_maxage": 10,
        "data": {
          "match": {
            "_doc": "match",
            "_id": 1390728672,
            "_sid": 1,
            "_seasonid": 3015514,
            "_rcid": 1111,
            "_tid": 56369,
            "_utid": 14562,
            "_dt": {
              "_doc": "time",
              "time": "19:24",
              "date": "27/10/25",
              "tz": "CET",
              "tzoffset": 3600,
              "uts": 1761589457
            },
            "round": 23,
            "roundname": {
              "_doc": "tableround",
              "_id": 23,
              "name": 23
            },
            "coverage": {
              "lineup": 0,
              "formations": 0,
              "livetable": 0,
              "injuries": 0,
              "ballspotting": false,
              "cornersonly": false,
              "multicast": false,
              "scoutmatch": 0,
              "scoutcoveragestatus": 0,
              "liveodds": true,
              "deepercoverage": false,
              "tacticallineup": false,
              "basiclineup": true,
              "hasstats": true,
              "inlivescore": true,
              "advantage": null,
              "tiebreak": null,
              "penaltyshootout": 0,
              "scouttest": null,
              "lmtsupport": 3,
              "venue": false,
              "matchdatacomplete": false,
              "mediacoverage": true,
              "substitutions": false
            },
            "result": {
              "home": null,
              "away": null,
              "winner": null
            },
            "periods": [],
            "updated_uts": false,
            "ended_uts": false,
            "p": "0",
            "ptime": false,
            "timeinfo": {
              "injurytime": null,
              "ended": null,
              "started": null,
              "played": null,
              "remaining": null,
              "running": false
            },
            "teams": {
              "home": {
                "_doc": "team",
                "_id": 8982007,
                "_sid": 1,
                "uid": 276507,
                "name": "Liverpool",
                "mediumname": "Liverpool",
                "abbr": "LIV",
                "nickname": null,
                "iscountry": false,
                "haslogo": true
              },
              "away": {
                "_doc": "team",
                "_id": 8982014,
                "_sid": 1,
                "uid": 276514,
                "name": "Wolverhampton",
                "mediumname": "Wolverhampton",
                "abbr": "WOL",
                "nickname": null,
                "iscountry": false,
                "haslogo": true
              }
            },
            "status": {
              "_doc": "status",
              "_id": 0,
              "name": "\u672a\u5f00\u59cb"
            },
            "removed": false,
            "facts": false,
            "localderby": false,
            "matchstatus": "upcoming",
            "postponed": false,
            "cancelled": false,
            "walkover": false,
            "hf": 0,
            "periodlength": 45,
            "numberofperiods": 2,
            "overtimelength": 15,
            "tobeannounced": false,
            "week": 0
          },
          "events": []
        }
      }
    ]
  }
}